--Deleting rows from tables in reverse dependancy order
DELETE FROM LineItems;
DELETE FROM Purchases;
DELETE FROM Shifts;
DELETE FROM Products;
DELETE FROM Workers;
DELETE FROM Trucks;

--reseting id counters
DBCC CHECKIDENT ('LineItems', RESEED, 0);
DBCC CHECKIDENT ('Purchases', RESEED, 0);
DBCC CHECKIDENT ('Shifts', RESEED, 0);
DBCC CHECKIDENT ('Products', RESEED, 0);
DBCC CHECKIDENT ('Trucks', RESEED, 0);
-- Reset Workers only if it currently contains rows to avoid errors
IF EXISTS (SELECT * FROM sys.identity_columns WHERE OBJECT_NAME(object_id) = 'Workers')
    DBCC CHECKIDENT ('Workers', RESEED, 0);
GO

--not setting ID as it is automatically assigned
INSERT INTO Trucks(name, OpenedDate)
VALUES('Terrific Tacos', '2024-08-07');

SET IDENTITY_INSERT Workers ON;
INSERT INTO Workers (WorkerID, FirstName, LastName, HourlyWage, BeginWorkDate, EndWorkDate)
VALUES 
(1, 'Danny', 'Chung', 17.55, '2026-01-05', '2026-02-28'),
(2, 'Paige', 'Turner', 16.25, '2026-01-05', NULL),
(3, 'Homer', 'Simpson', 18.25, '2026-01-05', NULL);
SET IDENTITY_INSERT Workers OFF;
GO

INSERT INTO Products(ProductName, TruckID, Cost, Category, SoldAfterDate, RetiredOnDate)
VALUES 
('Taco', 1, 4.99, 'Food', '2024-08-07', null),
('Burrito', 1, 8.99, 'Food', '2024-08-07', '2026-03-13'), 
('Quesadilla', 1, 5.99, 'Food', '2025-03-14', null),
('Horchata', 1, 2.99, 'Drink', '2024-08-07', null),
('Mexican Coke', 1, 2.99, 'Drink', '2024-08-07', null);
GO

--Shift, Pruchase and Line Item values are AI generated to give enough data for us to analyze
--Shifts start at 10 and end at 2:30 for prep and cleanup time, workers come in and clock out within 5 min of their assigned shift
--All comments after this point are AI explaining the data it is inserting into tables, not us explaining db architecture. 

INSERT INTO Shifts (WorkerID, TruckID, StartDateTime, EndDateTime)
VALUES 
(1, 1, '2026-01-12 10:45:00', '2026-01-12 14:15:00'), (2, 1, '2026-01-13 10:45:00', '2026-01-13 14:15:00'),
(3, 1, '2026-01-14 10:45:00', '2026-01-14 14:15:00'), (1, 1, '2026-01-15 10:45:00', '2026-01-15 14:15:00'),
(2, 1, '2026-01-16 10:45:00', '2026-01-16 14:15:00'), (3, 1, '2026-01-20 10:45:00', '2026-01-20 14:15:00'),
(1, 1, '2026-01-21 10:45:00', '2026-01-21 14:15:00'), (2, 1, '2026-01-22 10:45:00', '2026-01-22 14:15:00'),
(3, 1, '2026-01-23 10:45:00', '2026-01-23 14:15:00'), (1, 1, '2026-01-26 10:45:00', '2026-01-26 14:15:00'),
(2, 1, '2026-01-27 10:45:00', '2026-01-27 14:15:00'), (3, 1, '2026-01-28 10:45:00', '2026-01-28 14:15:00'),
(1, 1, '2026-01-29 10:45:00', '2026-01-29 14:15:00'), (2, 1, '2026-01-30 10:45:00', '2026-01-30 14:15:00'),
(3, 1, '2026-02-02 10:45:00', '2026-02-02 14:15:00'), (1, 1, '2026-02-03 10:45:00', '2026-02-03 14:15:00'),
(2, 1, '2026-02-04 10:45:00', '2026-02-04 14:15:00'), (3, 1, '2026-02-05 10:45:00', '2026-02-05 14:15:00'),
(1, 1, '2026-02-06 10:45:00', '2026-02-06 14:15:00'), (2, 1, '2026-02-09 10:45:00', '2026-02-09 14:15:00'),
(3, 1, '2026-02-10 10:45:00', '2026-02-10 14:15:00'), (1, 1, '2026-02-11 10:45:00', '2026-02-11 14:15:00'),
(2, 1, '2026-02-12 10:45:00', '2026-02-12 14:15:00'), (3, 1, '2026-02-13 10:45:00', '2026-02-13 14:15:00'),
(1, 1, '2026-02-17 10:45:00', '2026-02-17 14:15:00'), (2, 1, '2026-02-18 10:45:00', '2026-02-18 14:15:00'),
(3, 1, '2026-02-19 10:45:00', '2026-02-19 14:15:00'), (1, 1, '2026-02-20 10:45:00', '2026-02-20 14:15:00'),
(2, 1, '2026-02-23 10:45:00', '2026-02-23 14:15:00'), (3, 1, '2026-02-24 10:45:00', '2026-02-24 14:15:00'),
(1, 1, '2026-02-25 10:45:00', '2026-02-25 14:15:00'), (2, 1, '2026-02-26 10:45:00', '2026-02-26 14:15:00'),
(3, 1, '2026-02-27 10:45:00', '2026-02-27 14:15:00'), (2, 1, '2026-03-02 10:45:00', '2026-03-02 14:15:00'),
(3, 1, '2026-03-03 10:45:00', '2026-03-03 14:15:00'), (2, 1, '2026-03-04 10:45:00', '2026-03-04 14:15:00'),
(3, 1, '2026-03-05 10:45:00', '2026-03-05 14:15:00'), (2, 1, '2026-03-06 10:45:00', '2026-03-06 14:15:00'),
(3, 1, '2026-03-09 10:45:00', '2026-03-09 14:15:00'), (2, 1, '2026-03-10 10:45:00', '2026-03-10 14:15:00'),
(3, 1, '2026-03-11 10:45:00', '2026-03-11 14:15:00'), (2, 1, '2026-03-12 10:45:00', '2026-03-12 14:15:00'),
(3, 1, '2026-03-13 10:45:00', '2026-03-13 14:15:00'), (2, 1, '2026-03-23 10:45:00', '2026-03-23 14:15:00'),
(3, 1, '2026-03-24 10:45:00', '2026-03-24 14:15:00'), (2, 1, '2026-03-25 10:45:00', '2026-03-25 14:15:00'),
(3, 1, '2026-03-26 10:45:00', '2026-03-26 14:15:00'), (2, 1, '2026-03-27 10:45:00', '2026-03-27 14:15:00'),
(3, 1, '2026-03-30 10:45:00', '2026-03-30 14:15:00'), (2, 1, '2026-03-31 10:45:00', '2026-03-31 14:15:00'),
(3, 1, '2026-04-01 10:45:00', '2026-04-01 14:15:00'), (2, 1, '2026-04-02 10:45:00', '2026-04-02 14:15:00'),
(3, 1, '2026-04-03 10:45:00', '2026-04-03 14:15:00'), (2, 1, '2026-04-06 10:45:00', '2026-04-06 14:15:00'),
(3, 1, '2026-04-07 10:45:00', '2026-04-07 14:15:00'), (2, 1, '2026-04-08 10:45:00', '2026-04-08 14:15:00'),
(3, 1, '2026-04-09 10:45:00', '2026-04-09 14:15:00'), (2, 1, '2026-04-10 10:45:00', '2026-04-10 14:15:00'),
(3, 1, '2026-04-13 10:45:00', '2026-04-13 14:15:00'), (2, 1, '2026-04-14 10:45:00', '2026-04-14 14:15:00'),
(3, 1, '2026-04-15 10:45:00', '2026-04-15 14:15:00'), (2, 1, '2026-04-16 10:45:00', '2026-04-16 14:15:00'),
(3, 1, '2026-04-17 10:45:00', '2026-04-17 14:15:00'), (2, 1, '2026-04-20 10:45:00', '2026-04-20 14:15:00'),
(3, 1, '2026-04-21 10:45:00', '2026-04-21 14:15:00'), (2, 1, '2026-04-22 10:45:00', '2026-04-22 14:15:00'),
(3, 1, '2026-04-23 10:45:00', '2026-04-23 14:15:00'), (2, 1, '2026-04-24 10:45:00', '2026-04-24 14:15:00'),
(3, 1, '2026-04-27 10:45:00', '2026-04-27 14:15:00'), (2, 1, '2026-04-28 10:45:00', '2026-04-28 14:15:00'),
(3, 1, '2026-04-29 10:45:00', '2026-04-29 14:15:00'), (2, 1, '2026-04-30 10:45:00', '2026-04-30 14:15:00'),
(3, 1, '2026-05-01 10:45:00', '2026-05-01 14:15:00');
GO


INSERT INTO Purchases (PurchaseDateTime, PaymentMethod, SatisfactionRating, TruckID) VALUES 
('2026-01-12 11:59:01','Credit',5,1),('2026-01-12 13:52:40','Debit',4,1),('2026-01-12 11:56:37','Credit',5,1),('2026-01-12 12:13:55','Debit',3,1),('2026-01-12 12:33:41','Credit',4,1),('2026-01-12 12:16:30','Credit',5,1),('2026-01-12 11:39:59','Debit',5,1),('2026-01-12 11:47:14','Credit',2,1),('2026-01-12 13:09:37','Credit',NULL,1),('2026-01-12 13:15:20','Debit',5,1),
('2026-01-12 13:30:24','Credit',4,1),('2026-01-12 11:42:32','Debit',5,1),('2026-01-12 11:01:58','Credit',4,1),('2026-01-12 13:49:16','Credit',5,1),('2026-01-13 13:16:58','Debit',4,1),('2026-01-13 11:53:35','Credit',3,1),('2026-01-13 13:11:04','Credit',5,1),('2026-01-13 11:31:00','Debit',4,1),('2026-01-13 12:25:52','Credit',5,1),('2026-01-13 11:25:11','Debit',4,1),
('2026-01-13 13:17:33','Credit',5,1),('2026-01-13 12:34:54','Credit',2,1),('2026-01-13 12:17:31','Debit',NULL,1),('2026-01-13 13:37:46','Credit',5,1),('2026-01-13 11:42:11','Debit',4,1),('2026-01-13 11:06:52','Credit',5,1),('2026-01-13 11:29:31','Credit',4,1),('2026-01-13 11:44:38','Debit',5,1),('2026-01-14 12:29:31','Credit',4,1),('2026-01-14 12:29:31','Debit',5,1),
('2026-01-14 13:58:40','Credit',4,1),('2026-01-14 13:47:03','Credit',5,1),('2026-01-14 11:53:27','Debit',3,1),('2026-01-14 11:29:34','Credit',5,1),('2026-01-14 11:06:56','Debit',4,1),('2026-01-14 13:09:39','Credit',5,1),('2026-01-14 11:56:15','Credit',2,1),('2026-01-14 11:24:06','Debit',NULL,1),('2026-01-14 13:24:23','Credit',5,1),('2026-01-14 13:57:47','Debit',4,1),
('2026-01-14 11:38:49','Credit',5,1),('2026-01-14 12:21:50','Credit',4,1),('2026-01-15 11:48:19','Debit',5,1),('2026-01-15 12:03:31','Credit',4,1),('2026-01-15 12:14:11','Debit',5,1),('2026-01-15 13:21:49','Credit',3,1),('2026-01-15 12:13:09','Credit',5,1),('2026-01-15 12:24:39','Debit',4,1),('2026-01-15 12:42:20','Credit',5,1),('2026-01-15 12:52:37','Debit',4,1),
('2026-01-15 12:40:54','Credit',5,1),('2026-01-15 12:56:40','Credit',2,1),('2026-01-15 13:59:24','Debit',NULL,1),('2026-01-15 11:31:23','Credit',5,1),('2026-01-15 13:25:50','Debit',4,1),('2026-01-15 11:01:08','Credit',5,1),('2026-01-16 11:10:12','Credit',4,1),('2026-01-16 11:14:31','Debit',5,1),('2026-01-16 12:03:11','Credit',4,1),('2026-01-16 12:30:03','Debit',5,1),
('2026-01-16 13:06:31','Credit',3,1),('2026-01-16 11:55:48','Credit',5,1),('2026-01-16 11:10:27','Debit',4,1),('2026-01-16 12:26:28','Credit',5,1),('2026-01-16 12:25:07','Debit',4,1),('2026-01-16 12:54:18','Credit',5,1),('2026-01-16 12:37:13','Credit',2,1),('2026-01-16 13:23:23','Debit',NULL,1),('2026-01-16 11:54:26','Credit',5,1),('2026-01-16 11:50:49','Debit',4,1),
('2026-01-20 12:35:30','Credit',5,1),('2026-01-20 11:12:36','Credit',4,1),('2026-01-20 13:24:58','Debit',5,1),('2026-01-20 12:15:37','Credit',4,1),('2026-01-20 13:20:14','Debit',5,1),('2026-01-20 12:59:11','Credit',3,1),('2026-01-20 12:20:32','Credit',5,1),('2026-01-20 13:57:21','Debit',4,1),('2026-01-20 13:46:15','Credit',5,1),('2026-01-20 11:17:19','Debit',4,1),
('2026-01-20 12:37:33','Credit',5,1),('2026-01-20 13:07:08','Credit',2,1),('2026-01-20 11:12:01','Debit',NULL,1),('2026-01-20 12:20:29','Credit',5,1),('2026-01-21 13:04:47','Debit',4,1),('2026-01-21 11:31:50','Credit',5,1),('2026-01-21 11:12:27','Credit',4,1),('2026-01-21 11:39:25','Debit',5,1),('2026-01-21 13:28:57','Credit',4,1),('2026-01-21 13:17:06','Debit',5,1),
('2026-01-21 11:02:09','Credit',3,1),('2026-01-21 12:30:20','Credit',5,1),('2026-01-21 12:20:06','Debit',4,1),('2026-01-21 11:51:00','Credit',5,1),('2026-01-21 12:32:29','Debit',4,1),('2026-01-21 12:46:48','Credit',5,1),('2026-01-21 11:46:21','Credit',2,1),('2026-01-21 12:19:48','Debit',NULL,1),('2026-01-22 13:05:45','Credit',5,1),('2026-01-22 11:41:00','Debit',4,1),
('2026-01-22 11:15:31','Credit',5,1),('2026-01-22 13:20:33','Credit',4,1),('2026-01-22 13:32:35','Debit',5,1),('2026-01-22 12:33:14','Credit',4,1),('2026-01-22 11:37:43','Debit',5,1),('2026-01-22 13:09:48','Credit',3,1),('2026-01-22 13:13:11','Credit',5,1),('2026-01-22 13:49:57','Debit',4,1),('2026-01-22 11:59:57','Credit',5,1),('2026-01-22 11:29:40','Debit',4,1),
('2026-01-22 12:29:24','Credit',5,1),('2026-01-22 13:42:16','Credit',2,1),('2026-01-23 13:15:37','Debit',NULL,1),('2026-01-23 13:45:32','Credit',5,1),('2026-01-23 13:22:46','Debit',4,1),('2026-01-23 11:40:33','Credit',5,1),('2026-01-23 11:20:41','Credit',4,1),('2026-01-23 11:38:02','Debit',5,1),('2026-01-23 13:35:20','Credit',4,1),('2026-01-23 11:49:05','Debit',5,1),
('2026-01-23 11:52:39','Credit',3,1),('2026-01-23 12:47:40','Credit',5,1),('2026-01-23 13:56:58','Debit',4,1),('2026-01-23 13:44:45','Credit',5,1),('2026-01-23 12:40:08','Debit',4,1),('2026-01-23 12:33:20','Credit',5,1),('2026-01-26 11:45:04','Credit',2,1),('2026-01-26 11:36:43','Debit',NULL,1),('2026-01-26 11:28:11','Credit',5,1),('2026-01-26 11:04:33','Debit',4,1),
('2026-01-26 13:00:43','Credit',5,1),('2026-01-26 12:49:40','Credit',4,1),('2026-01-26 13:11:58','Debit',5,1),('2026-01-26 13:21:09','Credit',4,1),('2026-01-26 13:07:11','Debit',5,1),('2026-01-26 12:31:52','Credit',3,1),('2026-01-26 11:18:17','Credit',5,1),('2026-01-26 12:35:49','Debit',4,1),('2026-01-26 13:37:33','Credit',5,1),('2026-01-26 13:28:14','Debit',4,1),
('2026-01-27 12:36:04','Credit',5,1),('2026-01-27 13:18:38','Credit',2,1),('2026-01-27 11:36:37','Debit',NULL,1),('2026-01-27 11:44:17','Credit',5,1),('2026-01-27 12:48:37','Debit',4,1),('2026-01-27 11:32:59','Credit',5,1),('2026-01-27 13:04:45','Credit',4,1),('2026-01-27 12:33:43','Debit',5,1),('2026-01-27 13:39:55','Credit',4,1),('2026-01-27 13:01:45','Debit',5,1),
('2026-01-27 13:45:18','Credit',3,1),('2026-01-27 11:57:29','Credit',5,1),('2026-01-27 12:44:54','Debit',4,1),('2026-01-27 11:15:07','Credit',5,1),('2026-01-28 13:35:09','Debit',4,1),('2026-01-28 11:32:55','Credit',5,1),('2026-01-28 12:05:06','Credit',2,1),('2026-01-28 11:58:20','Debit',NULL,1),('2026-01-28 13:46:06','Credit',5,1),('2026-01-28 11:16:30','Debit',4,1),
('2026-01-28 12:54:10','Credit',5,1),('2026-01-28 11:45:22','Credit',4,1),('2026-01-28 12:56:37','Debit',5,1),('2026-01-28 12:23:41','Credit',4,1),('2026-01-28 11:00:55','Debit',5,1),('2026-01-28 11:26:44','Credit',3,1),('2026-01-28 11:58:13','Credit',5,1),('2026-01-28 13:14:41','Debit',4,1),('2026-01-29 13:08:46','Credit',5,1),('2026-01-29 13:51:25','Debit',4,1),
('2026-01-29 11:19:43','Credit',5,1),('2026-01-29 11:07:58','Credit',2,1),('2026-01-29 12:31:28','Debit',NULL,1),('2026-01-29 11:52:01','Credit',5,1),('2026-01-29 12:03:41','Debit',4,1),('2026-01-29 12:44:32','Credit',5,1),('2026-01-29 12:19:14','Credit',4,1),('2026-01-29 11:00:06','Debit',5,1),('2026-01-29 11:00:00','Credit',4,1),('2026-01-29 12:25:27','Debit',5,1),
('2026-01-29 12:37:28','Credit',3,1),('2026-01-29 13:16:32','Credit',5,1),('2026-01-30 12:45:24','Debit',4,1),('2026-01-30 13:11:54','Credit',5,1),('2026-01-30 11:37:40','Debit',4,1),('2026-01-30 12:18:12','Credit',5,1),('2026-01-30 12:48:04','Credit',2,1),('2026-01-30 13:05:30','Debit',NULL,1),('2026-01-30 13:12:56','Credit',5,1),('2026-01-30 11:35:57','Debit',4,1),
('2026-01-30 13:07:59','Credit',5,1),('2026-01-30 13:04:35','Credit',4,1),('2026-01-30 12:42:44','Debit',5,1),('2026-01-30 12:34:45','Credit',4,1),('2026-01-30 12:05:51','Debit',5,1),('2026-01-30 13:14:41','Credit',3,1),('2026-02-02 12:21:29','Credit',5,1),('2026-02-02 13:15:45','Debit',4,1),('2026-02-02 13:56:11','Credit',5,1),('2026-02-02 12:21:03','Debit',4,1),
('2026-02-02 11:30:38','Credit',5,1),('2026-02-02 11:39:32','Credit',2,1),('2026-02-02 11:26:11','Debit',NULL,1),('2026-02-02 11:46:35','Credit',5,1),('2026-02-02 11:15:56','Debit',4,1),('2026-02-02 12:16:37','Credit',5,1),('2026-02-02 13:30:13','Credit',4,1),('2026-02-02 13:33:42','Debit',5,1),('2026-02-02 13:49:06','Credit',4,1),('2026-02-02 12:29:57','Debit',5,1),
('2026-02-03 13:04:27','Credit',3,1),('2026-02-03 11:05:06','Credit',5,1),('2026-02-03 12:55:43','Debit',4,1),('2026-02-03 11:35:49','Credit',5,1),('2026-02-03 13:36:02','Debit',4,1),('2026-02-03 12:40:54','Credit',5,1),('2026-02-03 11:31:12','Credit',2,1),('2026-02-03 11:02:40','Debit',NULL,1),('2026-02-03 13:30:10','Credit',5,1),('2026-02-03 13:03:42','Debit',4,1),
('2026-02-03 13:31:12','Credit',5,1),('2026-02-03 11:10:59','Credit',4,1),('2026-02-03 13:32:21','Debit',5,1),('2026-02-03 11:28:37','Credit',4,1),('2026-02-04 13:56:24','Debit',5,1),('2026-02-04 11:54:13','Credit',3,1),('2026-02-04 12:39:44','Credit',5,1),('2026-02-04 13:36:23','Debit',4,1),('2026-02-04 13:15:09','Credit',5,1),('2026-02-04 12:04:03','Debit',4,1),
('2026-02-04 13:57:43','Credit',5,1),('2026-02-04 12:10:39','Credit',2,1),('2026-02-04 11:15:19','Debit',NULL,1),('2026-02-04 13:42:19','Credit',5,1),('2026-02-04 13:50:13','Debit',4,1),('2026-02-04 13:24:05','Credit',5,1),('2026-02-04 12:52:57','Credit',4,1),('2026-02-04 12:15:09','Debit',5,1),('2026-02-05 13:14:05','Credit',4,1),('2026-02-05 13:10:35','Debit',5,1),
('2026-02-05 13:47:47','Credit',3,1),('2026-02-05 12:46:33','Credit',5,1),('2026-02-05 12:06:31','Debit',4,1),('2026-02-05 12:30:55','Credit',5,1),('2026-02-05 13:43:19','Debit',4,1),('2026-02-05 11:15:04','Credit',5,1),('2026-02-05 11:23:48','Credit',2,1),('2026-02-05 13:36:14','Debit',NULL,1),('2026-02-05 12:48:59','Credit',5,1),('2026-02-05 13:33:05','Debit',4,1),
('2026-02-05 13:36:44','Credit',5,1),('2026-02-05 11:18:06','Credit',4,1),('2026-02-06 13:10:43','Debit',5,1),('2026-02-06 12:40:10','Credit',4,1),('2026-02-06 12:36:01','Debit',5,1),('2026-02-06 12:38:26','Credit',3,1),('2026-02-06 13:55:19','Credit',5,1),('2026-02-06 11:12:04','Debit',4,1),('2026-02-06 11:56:14','Credit',5,1),('2026-02-06 11:43:41','Debit',4,1),
('2026-02-06 13:58:14','Credit',5,1),('2026-02-06 11:39:55','Credit',2,1),('2026-02-06 11:08:55','Debit',NULL,1),('2026-02-06 13:54:37','Credit',5,1),('2026-02-06 11:14:47','Debit',4,1),('2026-02-06 11:10:30','Credit',5,1),('2026-02-09 11:46:44','Credit',4,1),('2026-02-09 13:10:19','Debit',5,1),('2026-02-09 13:03:56','Credit',4,1),('2026-02-09 11:45:15','Debit',5,1),
('2026-02-09 13:24:43','Credit',3,1),('2026-02-09 11:16:53','Credit',5,1),('2026-02-09 13:37:53','Debit',4,1),('2026-02-09 13:30:11','Credit',5,1),('2026-02-09 11:39:49','Debit',4,1),('2026-02-09 12:59:51','Credit',5,1),('2026-02-09 13:25:31','Credit',2,1),('2026-02-09 12:55:53','Debit',NULL,1),('2026-02-09 12:35:47','Credit',5,1),('2026-02-09 13:13:58','Debit',4,1),
('2026-02-10 12:33:00','Credit',5,1),('2026-02-10 13:11:01','Credit',4,1),('2026-02-10 12:29:17','Debit',5,1),('2026-02-10 13:45:49','Credit',4,1),('2026-02-10 12:10:43','Debit',5,1),('2026-02-10 11:02:37','Credit',3,1),('2026-02-10 13:15:23','Credit',5,1),('2026-02-10 13:14:55','Debit',4,1),('2026-02-10 13:55:16','Credit',5,1),('2026-02-10 13:44:25','Debit',4,1),
('2026-02-10 13:46:06','Credit',5,1),('2026-02-10 13:18:50','Credit',2,1),('2026-02-10 11:27:47','Debit',NULL,1),('2026-02-10 11:05:58','Credit',5,1),('2026-02-11 11:21:41','Debit',4,1),('2026-02-11 11:05:00','Credit',5,1),('2026-02-11 11:38:44','Credit',4,1),('2026-02-11 13:47:29','Debit',5,1),('2026-02-11 12:58:34','Credit',4,1),('2026-02-11 13:10:53','Debit',5,1),
('2026-02-11 11:50:15','Credit',3,1),('2026-02-11 13:18:09','Credit',5,1),('2026-02-11 12:05:53','Debit',4,1),('2026-02-11 12:43:26','Credit',5,1),('2026-02-11 11:52:19','Debit',4,1),('2026-02-11 11:06:22','Credit',5,1),('2026-02-11 12:27:37','Credit',2,1),('2026-02-11 13:16:21','Debit',NULL,1),('2026-02-12 11:10:47','Credit',5,1),('2026-02-12 11:39:48','Debit',4,1),
('2026-02-12 12:11:33','Credit',5,1),('2026-02-12 11:41:36','Credit',4,1),('2026-02-12 13:33:43','Debit',5,1),('2026-02-12 11:54:09','Credit',4,1),('2026-02-12 13:31:36','Debit',5,1),('2026-02-12 13:54:29','Credit',3,1),('2026-02-12 11:35:56','Credit',5,1),('2026-02-12 13:06:52','Debit',4,1),('2026-02-12 11:06:17','Credit',5,1),('2026-02-12 13:38:30','Debit',4,1),
('2026-02-12 11:35:27','Credit',5,1),('2026-02-12 12:18:55','Credit',2,1),('2026-02-13 13:47:42','Debit',NULL,1),('2026-02-13 12:06:05','Credit',5,1),('2026-02-13 11:03:52','Debit',4,1),('2026-02-13 13:07:19','Credit',5,1),('2026-02-13 13:35:53','Credit',4,1),('2026-02-13 11:34:56','Debit',5,1),('2026-02-13 11:47:20','Credit',4,1),('2026-02-13 12:00:25','Debit',5,1),
('2026-02-13 11:57:35','Credit',3,1),('2026-02-13 13:38:29','Credit',5,1),('2026-02-13 13:52:18','Debit',4,1),('2026-02-13 12:26:18','Credit',5,1),('2026-02-13 13:50:28','Debit',4,1),('2026-02-13 12:24:06','Credit',5,1),('2026-02-17 13:00:55','Credit',2,1),('2026-02-17 13:01:37','Debit',NULL,1),('2026-02-17 13:44:31','Credit',5,1),('2026-02-17 12:34:43','Debit',4,1),
('2026-02-17 11:19:00','Credit',5,1),('2026-02-17 11:52:41','Credit',4,1),('2026-02-17 11:56:10','Debit',5,1),('2026-02-17 12:11:39','Credit',4,1),('2026-02-17 12:48:30','Debit',5,1),('2026-02-17 12:31:11','Credit',3,1),('2026-02-17 11:18:55','Credit',5,1),('2026-02-17 12:03:57','Debit',4,1),('2026-02-17 13:22:53','Credit',5,1),('2026-02-17 12:27:13','Debit',4,1),
('2026-02-18 12:59:58','Credit',5,1),('2026-02-18 11:27:59','Credit',2,1),('2026-02-18 12:19:05','Debit',NULL,1),('2026-02-18 11:17:38','Credit',5,1),('2026-02-18 11:55:17','Debit',4,1),('2026-02-18 13:28:02','Credit',5,1),('2026-02-18 12:06:34','Credit',4,1),('2026-02-18 13:36:50','Debit',5,1),('2026-02-18 12:20:45','Credit',4,1),('2026-02-18 12:50:33','Debit',5,1),
('2026-02-18 11:17:48','Credit',3,1),('2026-02-18 11:59:32','Credit',5,1),('2026-02-18 12:17:21','Debit',4,1),('2026-02-18 13:45:43','Credit',5,1),('2026-02-19 13:13:51','Debit',4,1),('2026-02-19 12:22:40','Credit',5,1),('2026-02-19 12:06:06','Credit',2,1),('2026-02-19 11:31:56','Debit',NULL,1),('2026-02-19 11:45:05','Credit',5,1),('2026-02-19 12:58:27','Debit',4,1),
('2026-02-19 11:36:17','Credit',5,1),('2026-02-19 11:48:12','Credit',4,1),('2026-02-19 11:40:31','Debit',5,1),('2026-02-19 13:31:33','Credit',4,1),('2026-02-19 11:44:07','Debit',5,1),('2026-02-19 11:11:48','Credit',3,1),('2026-02-19 11:51:48','Credit',5,1),('2026-02-19 12:16:15','Debit',4,1),('2026-02-20 11:06:14','Credit',5,1),('2026-02-20 12:07:10','Debit',4,1),
('2026-02-20 11:23:18','Credit',5,1),('2026-02-20 11:31:29','Credit',2,1),('2026-02-20 12:56:03','Debit',NULL,1),('2026-02-20 13:49:45','Credit',5,1),('2026-02-20 13:03:26','Debit',4,1),('2026-02-20 11:46:08','Credit',5,1),('2026-02-20 11:41:51','Credit',4,1),('2026-02-20 11:02:43','Debit',5,1),('2026-02-20 11:09:25','Credit',4,1),('2026-02-20 13:14:50','Debit',5,1),
('2026-02-20 13:03:58','Credit',3,1),('2026-02-20 12:13:57','Credit',5,1),('2026-02-23 12:43:03','Debit',4,1),('2026-02-23 13:08:09','Credit',5,1),('2026-02-23 12:09:35','Debit',4,1),('2026-02-23 11:50:11','Credit',5,1),('2026-02-23 13:55:38','Credit',2,1),('2026-02-23 11:04:25','Debit',NULL,1),('2026-02-23 12:33:38','Credit',5,1),('2026-02-23 11:18:10','Debit',4,1),
('2026-02-23 13:11:56','Credit',5,1),('2026-02-23 12:26:07','Credit',4,1),('2026-02-23 11:38:54','Debit',5,1),('2026-02-23 13:23:27','Credit',4,1),('2026-02-23 12:42:31','Debit',5,1),('2026-02-23 11:15:49','Credit',3,1),('2026-02-24 13:49:14','Credit',5,1),('2026-02-24 12:45:12','Debit',4,1),('2026-02-24 11:18:56','Credit',5,1),('2026-02-24 11:08:29','Debit',4,1),
('2026-02-24 13:05:02','Credit',5,1),('2026-02-24 12:03:45','Credit',2,1),('2026-02-24 12:08:39','Debit',NULL,1),('2026-02-24 13:07:08','Credit',5,1),('2026-02-24 11:50:35','Debit',4,1),('2026-02-24 11:03:29','Credit',5,1),('2026-02-24 11:30:07','Credit',4,1),('2026-02-24 13:40:27','Debit',5,1),('2026-02-24 11:59:28','Credit',4,1),('2026-02-24 13:06:30','Debit',5,1),
('2026-02-25 13:23:28','Credit',3,1),('2026-02-25 13:24:28','Credit',5,1),('2026-02-25 13:42:38','Debit',4,1),('2026-02-25 11:01:19','Credit',5,1),('2026-02-25 11:23:18','Debit',4,1),('2026-02-25 13:48:27','Credit',5,1),('2026-02-25 11:30:52','Credit',2,1),('2026-02-25 13:15:16','Debit',NULL,1),('2026-02-25 11:15:47','Credit',5,1),('2026-02-25 13:47:20','Debit',4,1),
('2026-02-25 11:41:24','Credit',5,1),('2026-02-25 12:38:46','Credit',4,1),('2026-02-25 11:23:34','Debit',5,1),('2026-02-25 12:12:07','Credit',4,1),('2026-02-26 13:00:08','Debit',5,1),('2026-02-26 13:31:01','Credit',3,1),('2026-02-26 12:30:24','Credit',5,1),('2026-02-26 11:05:18','Debit',4,1),('2026-02-26 12:14:28','Credit',5,1),('2026-02-26 11:50:47','Debit',4,1),
('2026-02-26 11:52:06','Credit',5,1),('2026-02-26 12:50:52','Credit',2,1),('2026-02-26 11:35:01','Debit',NULL,1),('2026-02-26 13:46:58','Credit',5,1),('2026-02-26 12:44:54','Debit',4,1),('2026-02-26 11:06:10','Credit',5,1),('2026-02-26 11:33:06','Credit',4,1),('2026-02-26 13:21:41','Debit',5,1),('2026-02-27 13:31:24','Credit',4,1),('2026-02-27 11:31:40','Debit',5,1),
('2026-02-27 12:35:47','Credit',3,1),('2026-02-27 12:25:43','Credit',5,1),('2026-02-27 13:32:58','Debit',4,1),('2026-02-27 12:23:24','Credit',5,1),('2026-02-27 12:17:53','Debit',4,1),('2026-02-27 13:25:23','Credit',5,1),('2026-02-27 11:49:44','Credit',2,1),('2026-02-27 12:43:48','Debit',NULL,1),('2026-02-27 12:29:18','Credit',5,1),('2026-02-27 11:25:32','Debit',4,1),
('2026-02-27 12:17:44','Credit',5,1),('2026-02-27 12:19:33','Credit',4,1),('2026-03-02 12:36:54','Debit',5,1),('2026-03-02 11:18:55','Credit',4,1),('2026-03-02 12:14:03','Debit',5,1),('2026-03-02 12:02:45','Credit',3,1),('2026-03-02 11:23:31','Credit',5,1),('2026-03-02 11:34:11','Debit',4,1),('2026-03-02 12:22:05','Credit',5,1),('2026-03-02 11:48:44','Debit',4,1),
('2026-03-02 13:07:27','Credit',5,1),('2026-03-02 11:40:24','Credit',2,1),('2026-03-02 11:21:55','Debit',NULL,1),('2026-03-02 12:21:15','Credit',5,1),('2026-03-02 12:34:43','Debit',4,1),('2026-03-02 13:39:20','Credit',5,1),('2026-03-03 11:38:00','Credit',4,1),('2026-03-03 12:51:58','Debit',5,1),('2026-03-03 12:46:14','Credit',4,1),('2026-03-03 12:46:49','Debit',5,1),
('2026-03-03 11:58:38','Credit',3,1),('2026-03-03 13:22:35','Credit',5,1),('2026-03-03 12:27:49','Debit',4,1),('2026-03-03 11:40:56','Credit',5,1),('2026-03-03 13:32:13','Debit',4,1),('2026-03-03 12:18:35','Credit',5,1),('2026-03-03 11:10:07','Credit',2,1),('2026-03-03 11:00:08','Debit',NULL,1),('2026-03-03 11:15:52','Credit',5,1),('2026-03-03 11:01:52','Debit',4,1),
('2026-03-04 13:17:50','Credit',5,1),('2026-03-04 12:48:36','Credit',4,1),('2026-03-04 11:49:10','Debit',5,1),('2026-03-04 12:38:18','Credit',4,1),('2026-03-04 13:48:07','Debit',5,1),('2026-03-04 12:15:29','Credit',3,1),('2026-03-04 11:36:27','Credit',5,1),('2026-03-04 11:49:27','Debit',4,1),('2026-03-04 12:38:00','Credit',5,1),('2026-03-04 12:18:42','Debit',4,1),
('2026-03-04 12:16:03','Credit',5,1),('2026-03-04 12:56:20','Credit',2,1),('2026-03-04 11:23:42','Debit',NULL,1),('2026-03-04 12:15:37','Credit',5,1),('2026-03-05 12:28:04','Debit',4,1),('2026-03-05 13:12:54','Credit',5,1),('2026-03-05 13:14:32','Credit',4,1),('2026-03-05 11:02:04','Debit',5,1),('2026-03-05 11:06:59','Credit',4,1),('2026-03-05 11:07:02','Debit',5,1),
('2026-03-05 11:41:02','Credit',3,1),('2026-03-05 13:35:37','Credit',5,1),('2026-03-05 12:19:13','Debit',4,1),('2026-03-05 12:14:12','Credit',5,1),('2026-03-05 11:02:21','Debit',4,1),('2026-03-05 11:52:01','Credit',5,1),('2026-03-05 11:52:38','Credit',2,1),('2026-03-05 11:20:16','Debit',NULL,1),('2026-03-06 12:29:30','Credit',5,1),('2026-03-06 13:58:49','Debit',4,1),
('2026-03-06 13:58:17','Credit',5,1),('2026-03-06 12:51:32','Credit',4,1),('2026-03-06 12:07:55','Debit',5,1),('2026-03-06 11:55:40','Credit',4,1),('2026-03-06 11:22:11','Debit',5,1),('2026-03-06 13:19:09','Credit',3,1),('2026-03-06 13:35:01','Credit',5,1),('2026-03-06 11:18:49','Debit',4,1),('2026-03-06 13:10:07','Credit',5,1),('2026-03-06 11:48:25','Debit',4,1),
('2026-03-06 12:18:59','Credit',5,1),('2026-03-06 11:35:58','Credit',2,1),('2026-03-09 11:51:46','Debit',NULL,1),('2026-03-09 11:25:42','Credit',5,1),('2026-03-09 12:51:46','Debit',4,1),('2026-03-09 12:01:00','Credit',5,1),('2026-03-09 13:10:06','Credit',4,1),('2026-03-09 11:03:57','Debit',5,1),('2026-03-09 13:05:31','Credit',4,1),('2026-03-09 13:01:08','Debit',5,1),
('2026-03-09 11:23:33','Credit',3,1),('2026-03-09 11:08:22','Credit',5,1),('2026-03-09 11:11:40','Debit',4,1),('2026-03-09 11:58:45','Credit',5,1),('2026-03-09 12:12:00','Debit',4,1),('2026-03-09 12:35:19','Credit',5,1),('2026-03-10 13:24:46','Credit',2,1),('2026-03-10 13:24:21','Debit',NULL,1),('2026-03-10 12:23:47','Credit',5,1),('2026-03-10 11:13:24','Debit',4,1),
('2026-03-10 11:18:24','Credit',5,1),('2026-03-10 11:52:41','Credit',4,1),('2026-03-10 13:16:49','Debit',5,1),('2026-03-10 12:02:25','Credit',4,1),('2026-03-10 12:18:08','Debit',5,1),('2026-03-10 11:44:19','Credit',3,1),('2026-03-10 11:55:13','Credit',5,1),('2026-03-10 11:44:19','Debit',4,1),('2026-03-10 11:00:48','Credit',5,1),('2026-03-10 11:18:21','Debit',4,1),
('2026-03-11 11:10:18','Credit',5,1),('2026-03-11 13:05:19','Credit',2,1),('2026-03-11 12:20:24','Debit',NULL,1),('2026-03-11 13:45:33','Credit',5,1),('2026-03-11 11:56:56','Debit',4,1),('2026-03-11 13:06:42','Credit',5,1),('2026-03-11 12:21:42','Credit',4,1),('2026-03-11 11:49:46','Debit',5,1),('2026-03-11 13:55:30','Credit',4,1),('2026-03-11 13:26:42','Debit',5,1),
('2026-03-11 11:33:04','Credit',3,1),('2026-03-11 13:28:11','Credit',5,1),('2026-03-11 13:56:23','Debit',4,1),('2026-03-11 13:54:00','Credit',5,1),('2026-03-12 12:00:35','Debit',4,1),('2026-03-12 11:42:22','Credit',5,1),('2026-03-12 11:19:20','Credit',2,1),('2026-03-12 11:48:24','Debit',NULL,1),('2026-03-12 11:11:37','Credit',5,1),('2026-03-12 11:34:13','Debit',4,1),
('2026-03-12 11:13:07','Credit',5,1),('2026-03-12 11:08:59','Credit',4,1),('2026-03-12 13:28:36','Debit',5,1),('2026-03-12 11:29:29','Credit',4,1),('2026-03-12 12:24:36','Debit',5,1),('2026-03-12 12:33:25','Credit',3,1),('2026-03-12 12:50:41','Credit',5,1),('2026-03-12 11:26:10','Debit',4,1),

-- MAR 13 BURRITOS RETIRED. THIS IS PURCHASE ID #589 ONWARD. NO PRODUCT 2 WILL BE ASSIGNED TO THESE IDs.
('2026-03-13 13:11:27','Credit',5,1),('2026-03-13 12:37:02','Debit',4,1),('2026-03-13 13:08:24','Credit',5,1),('2026-03-13 11:22:25','Credit',2,1),('2026-03-13 13:14:07','Debit',NULL,1),('2026-03-13 12:05:53','Credit',5,1),('2026-03-13 12:19:08','Debit',4,1),('2026-03-13 11:53:14','Credit',5,1),('2026-03-13 13:12:09','Credit',4,1),('2026-03-13 13:07:43','Debit',5,1),
('2026-03-13 11:25:46','Credit',4,1),('2026-03-13 11:33:23','Debit',5,1),('2026-03-13 13:53:24','Credit',3,1),('2026-03-13 12:15:53','Credit',5,1),('2026-03-23 13:42:24','Debit',4,1),('2026-03-23 11:44:08','Credit',5,1),('2026-03-23 12:31:13','Debit',4,1),('2026-03-23 13:42:36','Credit',5,1),('2026-03-23 11:46:07','Credit',2,1),('2026-03-23 13:07:39','Debit',NULL,1),
('2026-03-23 12:06:07','Credit',5,1),('2026-03-23 11:00:20','Debit',4,1),('2026-03-23 13:58:43','Credit',5,1),('2026-03-23 12:07:01','Credit',4,1),('2026-03-23 11:33:49','Debit',5,1),('2026-03-23 13:12:49','Credit',4,1),('2026-03-23 11:01:07','Debit',5,1),('2026-03-23 12:45:38','Credit',3,1),('2026-03-24 11:33:59','Credit',5,1),('2026-03-24 13:59:29','Debit',4,1),
('2026-03-24 11:53:20','Credit',5,1),('2026-03-24 13:33:06','Debit',4,1),('2026-03-24 13:53:17','Credit',5,1),('2026-03-24 11:03:38','Credit',2,1),('2026-03-24 13:17:54','Debit',NULL,1),('2026-03-24 11:28:55','Credit',5,1),('2026-03-24 11:49:51','Debit',4,1),('2026-03-24 11:13:05','Credit',5,1),('2026-03-24 12:30:34','Credit',4,1),('2026-03-24 11:57:12','Debit',5,1),
('2026-03-24 11:01:33','Credit',4,1),('2026-03-24 12:55:02','Debit',5,1),('2026-03-25 11:40:16','Credit',3,1),('2026-03-25 13:45:48','Credit',5,1),('2026-03-25 11:47:05','Debit',4,1),('2026-03-25 12:17:47','Credit',5,1),('2026-03-25 13:48:53','Debit',4,1),('2026-03-25 12:56:41','Credit',5,1),('2026-03-25 13:04:56','Credit',2,1),('2026-03-25 11:25:51','Debit',NULL,1),
('2026-03-25 13:28:59','Credit',5,1),('2026-03-25 11:48:34','Debit',4,1),('2026-03-25 11:55:26','Credit',5,1),('2026-03-25 12:29:45','Credit',4,1),('2026-03-25 11:10:07','Debit',5,1),('2026-03-25 11:05:31','Credit',4,1),('2026-03-26 11:41:28','Debit',5,1),('2026-03-26 11:05:31','Credit',3,1),('2026-03-26 11:29:30','Credit',5,1),('2026-03-26 13:09:19','Debit',4,1),
('2026-03-26 13:15:31','Credit',5,1),('2026-03-26 11:42:29','Debit',4,1),('2026-03-26 12:17:28','Credit',5,1),('2026-03-26 12:41:01','Credit',2,1),('2026-03-26 12:39:36','Debit',NULL,1),('2026-03-26 12:37:14','Credit',5,1),('2026-03-26 11:33:32','Debit',4,1),('2026-03-26 12:42:56','Credit',5,1),('2026-03-26 13:52:35','Credit',4,1),('2026-03-26 13:04:49','Debit',5,1),
('2026-03-27 11:10:36','Credit',4,1),('2026-03-27 12:48:38','Debit',5,1),('2026-03-27 13:41:21','Credit',3,1),('2026-03-27 12:25:54','Credit',5,1),('2026-03-27 13:05:58','Debit',4,1),('2026-03-27 13:07:34','Credit',5,1),('2026-03-27 11:16:09','Debit',4,1),('2026-03-27 13:02:58','Credit',5,1),('2026-03-27 12:51:41','Credit',2,1),('2026-03-27 13:54:28','Debit',NULL,1),
('2026-03-27 12:10:27','Credit',5,1),('2026-03-27 13:37:25','Debit',4,1),('2026-03-27 13:19:26','Credit',5,1),('2026-03-27 13:40:26','Credit',4,1),('2026-03-30 11:59:28','Debit',5,1),('2026-03-30 13:27:02','Credit',4,1),('2026-03-30 11:19:04','Debit',5,1),('2026-03-30 12:49:15','Credit',3,1),('2026-03-30 13:31:51','Credit',5,1),('2026-03-30 13:16:07','Debit',4,1),
('2026-03-30 12:57:00','Credit',5,1),('2026-03-30 12:21:10','Debit',4,1),('2026-03-30 13:40:23','Credit',5,1),('2026-03-30 12:30:25','Credit',2,1),('2026-03-30 12:57:53','Debit',NULL,1),('2026-03-30 13:22:59','Credit',5,1),('2026-03-30 11:52:00','Debit',4,1),('2026-03-30 13:05:48','Credit',5,1),('2026-03-31 13:49:52','Credit',4,1),('2026-03-31 13:37:25','Debit',5,1),
('2026-03-31 12:38:51','Credit',4,1),('2026-03-31 13:02:39','Debit',5,1),('2026-03-31 11:11:45','Credit',3,1),('2026-03-31 12:37:13','Credit',5,1),('2026-03-31 13:01:37','Debit',4,1),('2026-03-31 12:33:00','Credit',5,1),('2026-03-31 12:51:18','Debit',4,1),('2026-03-31 13:19:35','Credit',5,1),('2026-03-31 12:20:34','Credit',2,1),('2026-03-31 13:35:13','Debit',NULL,1),
('2026-03-31 11:56:56','Credit',5,1),('2026-03-31 11:15:26','Debit',4,1),('2026-04-01 12:24:40','Credit',5,1),('2026-04-01 11:17:35','Credit',4,1),('2026-04-01 13:14:38','Debit',5,1),('2026-04-01 13:45:39','Credit',4,1),('2026-04-01 12:09:02','Debit',5,1),('2026-04-01 12:46:29','Credit',3,1),('2026-04-01 11:36:41','Credit',5,1),('2026-04-01 13:30:42','Debit',4,1),
('2026-04-01 11:04:44','Credit',5,1),('2026-04-01 13:35:36','Debit',4,1),('2026-04-01 12:39:42','Credit',5,1),('2026-04-01 11:29:10','Credit',2,1),('2026-04-01 13:27:13','Debit',NULL,1),('2026-04-01 11:33:52','Credit',5,1),('2026-04-02 12:00:17','Debit',4,1),('2026-04-02 13:47:06','Credit',5,1),('2026-04-02 11:53:49','Credit',4,1),('2026-04-02 11:07:09','Debit',5,1),
('2026-04-02 13:39:14','Credit',4,1),('2026-04-02 12:53:38','Debit',5,1),('2026-04-02 12:02:12','Credit',3,1),('2026-04-02 12:39:38','Credit',5,1),('2026-04-02 12:37:43','Debit',4,1),('2026-04-02 11:45:52','Credit',5,1),('2026-04-02 13:00:13','Debit',4,1),('2026-04-02 11:02:56','Credit',5,1),('2026-04-02 11:34:55','Credit',2,1),('2026-04-02 13:08:01','Debit',NULL,1),
('2026-04-03 13:52:12','Credit',5,1),('2026-04-03 11:25:27','Debit',4,1),('2026-04-03 12:13:40','Credit',5,1),('2026-04-03 11:51:37','Credit',4,1),('2026-04-03 11:37:36','Debit',5,1),('2026-04-03 12:13:02','Credit',4,1),('2026-04-03 13:57:42','Debit',5,1),('2026-04-03 11:05:14','Credit',3,1),('2026-04-03 11:06:08','Credit',5,1),('2026-04-03 12:03:26','Debit',4,1),
('2026-04-03 12:33:25','Credit',5,1),('2026-04-03 11:42:21','Debit',4,1),('2026-04-03 12:47:33','Credit',5,1),('2026-04-03 11:35:27','Credit',2,1),('2026-04-06 13:57:31','Debit',NULL,1),('2026-04-06 13:11:38','Credit',5,1),('2026-04-06 12:49:31','Debit',4,1),('2026-04-06 11:14:02','Credit',5,1),('2026-04-06 12:41:55','Credit',4,1),('2026-04-06 12:21:48','Debit',5,1),
('2026-04-06 11:39:04','Credit',4,1),('2026-04-06 12:53:42','Debit',5,1),('2026-04-06 11:47:47','Credit',3,1),('2026-04-06 13:09:27','Credit',5,1),('2026-04-06 11:18:25','Debit',4,1),('2026-04-06 11:15:49','Credit',5,1),('2026-04-06 11:42:53','Debit',4,1),('2026-04-06 12:09:32','Credit',5,1),('2026-04-07 12:59:04','Credit',2,1),('2026-04-07 13:34:26','Debit',NULL,1),
('2026-04-07 12:16:23','Credit',5,1),('2026-04-07 11:27:40','Debit',4,1),('2026-04-07 13:53:43','Credit',5,1),('2026-04-07 13:52:39','Credit',4,1),('2026-04-07 12:19:37','Debit',5,1),('2026-04-07 11:32:25','Credit',4,1),('2026-04-07 13:40:44','Debit',5,1),('2026-04-07 11:11:08','Credit',3,1),('2026-04-07 12:57:09','Credit',5,1),('2026-04-07 13:25:30','Debit',4,1),
('2026-04-07 12:35:22','Credit',5,1),('2026-04-07 13:32:16','Debit',4,1),('2026-04-08 12:27:44','Credit',5,1),('2026-04-08 13:38:51','Credit',2,1),('2026-04-08 13:22:04','Debit',NULL,1),('2026-04-08 11:52:16','Credit',5,1),('2026-04-08 13:12:45','Debit',4,1),('2026-04-08 13:36:55','Credit',5,1),('2026-04-08 13:46:10','Credit',4,1),('2026-04-08 13:43:08','Debit',5,1),
('2026-04-08 13:23:58','Credit',4,1),('2026-04-08 13:21:48','Debit',5,1),('2026-04-08 11:35:30','Credit',3,1),('2026-04-08 12:32:31','Credit',5,1),('2026-04-08 12:25:13','Debit',4,1),('2026-04-08 13:21:32','Credit',5,1),('2026-04-09 11:01:57','Debit',4,1),('2026-04-09 11:04:35','Credit',5,1),('2026-04-09 13:38:59','Credit',2,1),('2026-04-09 12:33:05','Debit',NULL,1),
('2026-04-09 12:47:06','Credit',5,1),('2026-04-09 11:14:14','Debit',4,1),('2026-04-09 13:29:32','Credit',5,1),('2026-04-09 11:32:39','Credit',4,1),('2026-04-09 12:22:08','Debit',5,1),('2026-04-09 13:39:32','Credit',4,1),('2026-04-09 11:47:27','Debit',5,1),('2026-04-09 13:11:52','Credit',3,1),('2026-04-09 11:35:45','Credit',5,1),('2026-04-09 11:54:01','Debit',4,1),
('2026-04-10 11:55:25','Credit',5,1),('2026-04-10 11:39:41','Debit',4,1),('2026-04-10 12:40:32','Credit',5,1),('2026-04-10 12:22:16','Credit',2,1),('2026-04-10 13:15:31','Debit',NULL,1),('2026-04-10 12:11:59','Credit',5,1),('2026-04-10 11:10:46','Debit',4,1),('2026-04-10 11:06:54','Credit',5,1),('2026-04-10 13:02:24','Credit',4,1),('2026-04-10 12:20:36','Debit',5,1),
('2026-04-10 13:52:52','Credit',4,1),('2026-04-10 11:19:16','Debit',5,1),('2026-04-10 11:28:39','Credit',3,1),('2026-04-10 12:02:07','Credit',5,1),('2026-04-13 13:35:58','Debit',4,1),('2026-04-13 11:56:31','Credit',5,1),('2026-04-13 11:06:36','Debit',4,1),('2026-04-13 11:06:28','Credit',5,1),('2026-04-13 12:13:17','Credit',2,1),('2026-04-13 12:45:17','Debit',NULL,1),
('2026-04-13 13:22:50','Credit',5,1),('2026-04-13 11:15:56','Debit',4,1),('2026-04-13 13:58:01','Credit',5,1),('2026-04-13 12:54:05','Credit',4,1),('2026-04-13 11:10:18','Debit',5,1),('2026-04-13 12:43:35','Credit',4,1),('2026-04-13 13:11:20','Debit',5,1),('2026-04-13 12:29:36','Credit',3,1),('2026-04-14 11:41:12','Credit',5,1),('2026-04-14 12:20:15','Debit',4,1),
('2026-04-14 11:48:35','Credit',5,1),('2026-04-14 12:59:21','Debit',4,1),('2026-04-14 13:10:07','Credit',5,1),('2026-04-14 13:57:20','Credit',2,1),('2026-04-14 12:20:40','Debit',NULL,1),('2026-04-14 11:11:58','Credit',5,1),('2026-04-14 11:54:45','Debit',4,1),('2026-04-14 11:44:07','Credit',5,1),('2026-04-14 11:44:41','Credit',4,1),('2026-04-14 11:34:33','Debit',5,1),
('2026-04-14 11:34:07','Credit',4,1),('2026-04-14 11:40:54','Debit',5,1),('2026-04-15 12:59:19','Credit',3,1),('2026-04-15 12:56:38','Credit',5,1),('2026-04-15 12:12:58','Debit',4,1),('2026-04-15 12:05:47','Credit',5,1),('2026-04-15 13:35:39','Debit',4,1),('2026-04-15 13:32:37','Credit',5,1),('2026-04-15 11:20:32','Credit',2,1),('2026-04-15 13:53:52','Debit',NULL,1),
('2026-04-15 12:30:15','Credit',5,1),('2026-04-15 13:00:43','Debit',4,1),('2026-04-15 11:51:49','Credit',5,1),('2026-04-15 12:15:30','Credit',4,1),('2026-04-15 11:57:29','Debit',5,1),('2026-04-15 11:50:43','Credit',4,1),('2026-04-16 13:05:26','Debit',5,1),('2026-04-16 11:49:25','Credit',3,1),('2026-04-16 11:06:03','Credit',5,1),('2026-04-16 13:12:49','Debit',4,1),
('2026-04-16 11:20:31','Credit',5,1),('2026-04-16 12:25:35','Debit',4,1),('2026-04-16 12:08:17','Credit',5,1),('2026-04-16 11:06:05','Credit',2,1),('2026-04-16 12:54:01','Debit',NULL,1),('2026-04-16 12:56:58','Credit',5,1),('2026-04-16 11:54:14','Debit',4,1),('2026-04-16 11:54:46','Credit',5,1),('2026-04-16 13:36:39','Credit',4,1),('2026-04-16 13:38:07','Debit',5,1),
('2026-04-17 11:16:10','Credit',4,1),('2026-04-17 12:44:59','Debit',5,1),('2026-04-17 11:41:10','Credit',3,1),('2026-04-17 11:25:04','Credit',5,1),('2026-04-17 13:46:31','Debit',4,1),('2026-04-17 12:33:58','Credit',5,1),('2026-04-17 12:25:31','Debit',4,1),('2026-04-17 11:36:17','Credit',5,1),('2026-04-17 11:10:33','Credit',2,1),('2026-04-17 11:01:15','Debit',NULL,1),
('2026-04-17 11:12:28','Credit',5,1),('2026-04-17 13:09:52','Debit',4,1),('2026-04-17 13:35:53','Credit',5,1),('2026-04-17 11:48:15','Credit',4,1),('2026-04-20 11:25:33','Debit',5,1),('2026-04-20 12:27:24','Credit',4,1),('2026-04-20 11:23:05','Debit',5,1),('2026-04-20 13:45:59','Credit',3,1),('2026-04-20 13:16:13','Credit',5,1),('2026-04-20 11:51:12','Debit',4,1),
('2026-04-20 12:21:30','Credit',5,1),('2026-04-20 11:40:18','Debit',4,1),('2026-04-20 13:41:12','Credit',5,1),('2026-04-20 11:42:12','Credit',2,1),('2026-04-20 11:57:33','Debit',NULL,1),('2026-04-20 11:57:42','Credit',5,1),('2026-04-20 11:26:45','Debit',4,1),('2026-04-20 11:00:54','Credit',5,1),('2026-04-21 12:05:24','Credit',4,1),('2026-04-21 11:12:13','Debit',5,1),
('2026-04-21 11:58:59','Credit',4,1),('2026-04-21 13:59:09','Debit',5,1),('2026-04-21 13:21:14','Credit',3,1),('2026-04-21 13:49:35','Credit',5,1),('2026-04-21 13:05:10','Debit',4,1),('2026-04-21 11:44:02','Credit',5,1),('2026-04-21 12:51:57','Debit',4,1),('2026-04-21 13:02:04','Credit',5,1),('2026-04-21 11:37:09','Credit',2,1),('2026-04-21 12:05:44','Debit',NULL,1),
('2026-04-21 13:59:12','Credit',5,1),('2026-04-21 13:35:44','Debit',4,1),('2026-04-22 11:34:09','Credit',5,1),('2026-04-22 11:43:22','Credit',4,1),('2026-04-22 13:14:00','Debit',5,1),('2026-04-22 11:04:34','Credit',4,1),('2026-04-22 13:59:44','Debit',5,1),('2026-04-22 12:39:05','Credit',3,1),('2026-04-22 11:49:43','Credit',5,1),('2026-04-22 13:31:03','Debit',4,1),
('2026-04-22 12:38:50','Credit',5,1),('2026-04-22 13:31:08','Debit',4,1),('2026-04-22 12:10:26','Credit',5,1),('2026-04-22 13:51:16','Credit',2,1),('2026-04-22 12:24:20','Debit',NULL,1),('2026-04-22 11:25:49','Credit',5,1),('2026-04-23 12:02:59','Debit',4,1),('2026-04-23 11:11:31','Credit',5,1),('2026-04-23 13:43:45','Credit',4,1),('2026-04-23 12:53:33','Debit',5,1),
('2026-04-23 13:03:04','Credit',4,1),('2026-04-23 12:41:27','Debit',5,1),('2026-04-23 12:10:31','Credit',3,1),('2026-04-23 13:28:10','Credit',5,1),('2026-04-23 13:52:30','Debit',4,1),('2026-04-23 11:49:51','Credit',5,1),('2026-04-23 12:22:11','Debit',4,1),('2026-04-23 12:10:12','Credit',5,1),('2026-04-23 11:38:12','Credit',2,1),('2026-04-23 12:29:36','Debit',NULL,1),
('2026-04-24 11:34:16','Credit',5,1),('2026-04-24 12:41:44','Debit',4,1),('2026-04-24 12:20:21','Credit',5,1),('2026-04-24 12:06:47','Credit',4,1),('2026-04-24 11:10:10','Debit',5,1),('2026-04-24 11:30:17','Credit',4,1),('2026-04-24 13:33:25','Debit',5,1),('2026-04-24 12:27:17','Credit',3,1),('2026-04-24 11:32:37','Credit',5,1),('2026-04-24 12:26:18','Debit',4,1),
('2026-04-24 11:18:03','Credit',5,1),('2026-04-24 12:48:34','Debit',4,1),('2026-04-24 12:01:00','Credit',5,1),('2026-04-24 11:18:41','Credit',2,1),('2026-04-27 11:30:15','Debit',NULL,1),('2026-04-27 12:56:33','Credit',5,1),('2026-04-27 11:40:45','Debit',4,1),('2026-04-27 12:58:42','Credit',5,1),('2026-04-27 12:39:35','Credit',4,1),('2026-04-27 12:54:25','Debit',5,1),
('2026-04-27 11:57:56','Credit',4,1),('2026-04-27 13:14:21','Debit',5,1),('2026-04-27 13:10:40','Credit',3,1),('2026-04-27 13:15:16','Credit',5,1),('2026-04-27 13:22:15','Debit',4,1),('2026-04-27 12:25:59','Credit',5,1),('2026-04-27 11:06:36','Debit',4,1),('2026-04-27 12:31:37','Credit',5,1),('2026-04-28 13:09:00','Credit',2,1),('2026-04-28 12:03:02','Debit',NULL,1),
('2026-04-28 11:46:14','Credit',5,1),('2026-04-28 13:09:09','Debit',4,1),('2026-04-28 13:04:27','Credit',5,1),('2026-04-28 11:55:59','Credit',4,1),('2026-04-28 11:21:39','Debit',5,1),('2026-04-28 13:15:44','Credit',4,1),('2026-04-28 11:54:11','Debit',5,1),('2026-04-28 13:41:40','Credit',3,1),('2026-04-28 11:48:42','Credit',5,1),('2026-04-28 12:49:48','Debit',4,1),
('2026-04-28 13:09:43','Credit',5,1),('2026-04-28 13:59:13','Debit',4,1),('2026-04-29 12:51:09','Credit',5,1),('2026-04-29 13:44:56','Credit',2,1),('2026-04-29 12:30:34','Debit',NULL,1),('2026-04-29 13:46:45','Credit',5,1),
('2026-04-29 12:43:58','Debit',4,1),('2026-04-29 11:01:04','Credit',5,1),('2026-04-29 11:06:30','Credit',4,1),('2026-04-29 11:44:59','Debit',5,1),
('2026-04-29 12:24:04','Credit',4,1),('2026-04-29 12:01:46','Debit',5,1),('2026-04-29 12:32:54','Credit',3,1),('2026-04-29 11:58:44','Credit',5,1),
('2026-04-29 12:02:51','Debit',4,1),('2026-04-29 11:05:30','Credit',5,1),('2026-04-30 12:55:19','Debit',4,1),('2026-04-30 13:57:48','Credit',5,1),
('2026-04-30 11:14:56','Credit',2,1),('2026-04-30 12:39:43','Debit',NULL,1),('2026-04-30 12:08:01','Credit',5,1),('2026-04-30 13:52:07','Debit',4,1);
GO



-- Product Map: 1=Taco, 2=Burrito, 3=Quesadilla, 4=Horchata, 5=Coke
-- * Burrito (Product 2) is entirely omitted for PurchaseIDs >= 589
INSERT INTO LineItems (Quantity, UnitPrice, ProductID, PurchaseID) VALUES 
(3,4.99,1,1),(1,2.99,4,1),(2,2.99,4,2),(1,4.99,1,2),(2,8.99,2,3),(1,2.99,4,3),(1,4.99,1,3),(1,4.99,1,4),(1,2.99,4,4),(1,8.99,2,4),
(1,8.99,2,5),(3,4.99,1,6),(1,2.99,5,7),(1,4.99,1,8),(2,2.99,4,9),(1,2.99,5,9),(1,4.99,1,10),(1,2.99,5,11),(2,2.99,4,12),(2,2.99,4,13),
(2,4.99,1,14),(2,2.99,4,15),(1,8.99,2,15),(1,2.99,5,15),(2,4.99,1,16),(1,2.99,4,16),(1,2.99,5,16),(1,8.99,2,17),(2,2.99,4,18),(1,8.99,2,19),
(2,2.99,4,19),(1,4.99,1,20),(1,8.99,2,20),(1,2.99,5,20),(2,2.99,4,21),(2,4.99,1,21),(1,2.99,5,21),(1,4.99,1,22),(1,4.99,1,23),(1,2.99,4,23),
(1,4.99,1,24),(1,4.99,1,25),(2,2.99,4,25),(2,2.99,4,26),(1,4.99,1,26),(3,2.99,4,27),(2,4.99,1,27),(1,4.99,1,28),(1,2.99,4,29),(1,2.99,5,29),
(1,4.99,1,30),(1,2.99,5,30),(2,4.99,1,31),(1,2.99,5,31),(1,4.99,1,32),(1,2.99,5,32),(1,8.99,2,32),(1,4.99,1,33),(1,2.99,5,33),(1,8.99,2,33),
(2,4.99,1,34),(1,8.99,2,34),(2,2.99,5,34),(1,4.99,1,35),(1,2.99,5,35),(1,4.99,1,36),(1,2.99,4,36),(1,4.99,1,37),(1,8.99,2,37),(2,2.99,4,37),
(2,4.99,1,38),(1,4.99,1,39),(1,4.99,1,40),(3,2.99,5,41),(1,2.99,4,41),(1,4.99,1,42),(2,4.99,1,43),(1,2.99,4,43),(3,4.99,1,44),(1,2.99,5,44),
(1,2.99,4,44),(1,2.99,4,45),(2,2.99,5,45),(1,4.99,1,46),(1,2.99,5,46),(1,2.99,4,46),(1,4.99,1,47),(2,2.99,5,47),(1,4.99,1,48),(1,2.99,5,48),
(1,4.99,1,49),(1,8.99,2,50),(1,4.99,1,50),(1,2.99,4,51),(1,4.99,1,51),(1,8.99,2,51),(2,4.99,1,52),(1,8.99,2,52),(1,2.99,4,53),(1,2.99,5,53),
(1,4.99,1,54),(2,8.99,2,54),(1,2.99,4,55),(2,4.99,1,55),(2,4.99,1,56),(3,2.99,4,56),(1,4.99,1,57),(1,4.99,1,58),(1,2.99,4,58),(1,2.99,5,58),
(2,4.99,1,59),(3,2.99,5,59),(3,2.99,4,60),(1,4.99,1,61),(1,2.99,4,61),(1,2.99,5,61),(1,4.99,1,62),(1,2.99,5,62),(1,8.99,2,62),(1,2.99,4,63),
(1,4.99,1,63),(1,2.99,4,64),(1,4.99,1,64),(2,2.99,5,65),(1,4.99,1,66),(1,8.99,2,66),(1,4.99,1,67),(2,2.99,5,67),(3,2.99,5,68),(1,8.99,2,69),
(1,4.99,1,69),(1,2.99,5,70),(1,4.99,1,70),(1,2.99,4,71),(1,2.99,5,71),(1,4.99,1,71),(1,4.99,1,72),(1,8.99,2,72),(1,4.99,1,73),(1,2.99,5,73),
(3,2.99,5,74),(3,4.99,1,74),(2,4.99,1,75),(1,2.99,4,75),(1,4.99,1,76),(1,2.99,5,76),(2,2.99,4,76),(1,4.99,1,77),(1,4.99,1,78),(1,2.99,5,78),
(3,4.99,1,79),(1,4.99,1,80),(1,2.99,4,80),(1,2.99,5,80),(1,8.99,2,81),(1,2.99,4,81),(1,4.99,1,81),(1,2.99,5,82),(1,4.99,1,83),(3,2.99,4,84),
(2,4.99,1,84),(2,4.99,1,85),(1,4.99,1,86),(2,2.99,4,86),(1,2.99,5,87),(3,4.99,1,88),(3,2.99,4,89),(1,4.99,1,89),(2,2.99,4,90),(1,4.99,1,90),
(1,4.99,1,91),(1,2.99,4,91),(2,2.99,5,91),(1,8.99,2,92),(2,2.99,4,92),(1,8.99,2,93),(1,2.99,5,93),(2,2.99,4,93),(1,4.99,1,94),(1,2.99,4,94),
(3,4.99,1,95),(1,2.99,4,96),(1,2.99,4,97),(1,2.99,5,98),(1,4.99,1,98),(1,2.99,4,98),(1,4.99,1,99),(3,2.99,4,99),(1,8.99,2,100),(1,4.99,1,100),
(2,2.99,4,101),(1,4.99,1,101),(1,2.99,4,102),(2,2.99,5,102),(2,4.99,1,103),(2,4.99,1,104),(2,2.99,5,104),(1,2.99,4,105),(1,4.99,1,105),(1,2.99,5,106),
(1,8.99,2,106),(1,4.99,1,107),(1,2.99,4,107),(1,4.99,1,108),(1,2.99,4,108),(1,2.99,4,109),(1,4.99,1,109),(1,4.99,1,110),(1,2.99,5,110),(2,2.99,4,110),
(1,8.99,2,111),(1,4.99,1,112),(1,2.99,4,112),(1,4.99,1,113),(2,2.99,5,113),(1,4.99,1,114),(2,4.99,1,115),(2,2.99,4,115),(2,2.99,5,116),(1,2.99,4,116),
(1,4.99,1,116),(1,4.99,1,117),(1,8.99,2,117),(1,2.99,4,118),(3,4.99,1,118),(1,2.99,5,118),(2,2.99,4,119),(1,4.99,1,119),(1,4.99,1,120),(1,2.99,4,120),
(3,4.99,1,121),(1,2.99,5,122),(1,2.99,4,123),(2,4.99,1,123),(1,2.99,4,124),(1,2.99,4,125),(1,2.99,5,126),(1,2.99,4,126),(1,4.99,1,127),(1,2.99,5,127),
(1,4.99,1,128),(1,2.99,4,128),(1,8.99,2,128),(1,4.99,1,129),(1,8.99,2,130),(2,2.99,4,130),(2,2.99,5,131),(2,2.99,4,132),(2,4.99,1,132),(1,4.99,1,133),
(1,2.99,5,134),(1,2.99,4,134),(3,4.99,1,134),(1,4.99,1,135),(2,2.99,4,135),(1,2.99,5,136),(1,4.99,1,136),(1,4.99,1,137),(2,2.99,4,138),(1,2.99,4,139),
(2,4.99,1,139),(1,2.99,4,140),(2,2.99,5,140),(3,4.99,1,141),(1,8.99,2,141),(1,2.99,4,141),(2,4.99,1,142),(1,8.99,2,143),(2,4.99,1,143),(3,2.99,4,143),
(1,4.99,1,144),(1,2.99,4,144),(1,8.99,2,145),(1,4.99,1,145),(1,2.99,5,145),(2,2.99,5,146),(1,4.99,1,146),(1,4.99,1,147),(3,2.99,4,148),(2,4.99,1,149),
(2,2.99,4,149),(2,2.99,4,150),(2,2.99,5,150),(1,4.99,1,151),(2,2.99,4,152),(1,4.99,1,153),(1,4.99,1,154),(1,2.99,4,154),(1,4.99,1,155),(1,2.99,4,155),
(2,4.99,1,156),(3,4.99,1,157),(2,2.99,4,157),(1,8.99,2,157),(1,4.99,1,158),(1,2.99,5,158),(1,2.99,4,158),(3,2.99,4,159),(1,8.99,2,160),(1,4.99,1,160),
(2,2.99,4,160),(1,2.99,5,161),(1,4.99,1,161),(1,2.99,4,161),(1,4.99,1,162),(2,4.99,1,163),(2,2.99,5,163),(2,2.99,5,164),(1,8.99,2,165),(1,4.99,1,165),
(3,4.99,1,166),(1,4.99,1,167),(3,2.99,5,167),(1,4.99,1,168),(1,2.99,4,168),(2,8.99,2,168),(1,2.99,5,169),(1,8.99,2,170),(1,2.99,4,171),(1,4.99,1,171),
(1,4.99,1,172),(1,2.99,5,172),(1,4.99,1,173),(2,2.99,5,173),(2,2.99,5,174),(1,2.99,4,174),(1,4.99,1,174),(3,4.99,1,175),(2,2.99,4,176),(1,8.99,2,176),
(1,4.99,1,177),(1,4.99,1,178),(1,2.99,5,179),(1,4.99,1,180),(1,2.99,5,181),(2,4.99,1,182),(1,2.99,5,182),(3,2.99,5,183),(2,4.99,1,183),(1,2.99,4,183),
(3,2.99,4,184),(1,4.99,1,185),(1,2.99,5,186),(1,4.99,1,186),(1,8.99,2,187),(1,8.99,2,188),(1,4.99,1,189),(1,2.99,4,190),(3,4.99,1,190),(2,2.99,4,191),
(1,2.99,5,192),(1,4.99,1,192),(2,8.99,2,192),(2,4.99,1,193),(1,2.99,4,193),(1,8.99,2,194),(1,4.99,1,194),(1,4.99,1,195),(2,2.99,4,195),(3,4.99,1,196),
(1,4.99,1,197),(2,2.99,4,197),(2,2.99,4,198),(2,4.99,1,198),(2,2.99,5,199),(1,4.99,1,199),(1,2.99,5,200),(1,2.99,4,201),(1,2.99,5,201),(3,4.99,1,201),
(3,4.99,1,202),(1,2.99,5,202),(1,4.99,1,203),(3,2.99,4,203),(1,2.99,5,204),(1,4.99,1,204),(1,2.99,4,204),(1,8.99,2,205),(1,2.99,5,205),(1,4.99,1,205),
(1,4.99,1,206),(2,2.99,4,206),(2,2.99,5,206),(1,4.99,1,207),(2,4.99,1,208),(2,2.99,5,208),(1,4.99,1,209),(1,2.99,4,209),(1,8.99,2,210),(2,2.99,5,211),
(1,2.99,5,212),(1,2.99,4,213),(1,4.99,1,213),(2,2.99,5,213),(2,2.99,5,214),(3,4.99,1,214),(3,4.99,1,215),(1,8.99,2,215),(2,2.99,5,216),(2,4.99,1,217),
(2,4.99,1,218),(2,2.99,5,218),(3,2.99,4,218),(3,4.99,1,219),(1,8.99,2,219),(2,2.99,5,220),(1,4.99,1,221),(1,8.99,2,221),(2,8.99,2,222),(1,2.99,4,222),
(2,4.99,1,223),(2,2.99,5,223),(1,2.99,4,223),(1,4.99,1,224),(1,2.99,4,224),(1,4.99,1,225),(1,2.99,4,225),(2,2.99,5,226),(2,4.99,1,226),(1,8.99,2,227),
(1,2.99,5,227),(2,4.99,1,228),(1,2.99,4,228),(2,2.99,5,228),(1,4.99,1,229),(2,2.99,4,229),(1,4.99,1,230),(1,2.99,5,230),(1,4.99,1,231),(1,2.99,5,231),
(2,8.99,2,231),(1,4.99,1,232),(1,2.99,4,233),(3,4.99,1,234),(3,2.99,4,234),(1,2.99,5,234),(1,4.99,1,235),(1,8.99,2,235),(1,2.99,5,235),(1,4.99,1,236),
(2,2.99,4,236),(1,8.99,2,236),(1,8.99,2,237),(1,4.99,1,237),(1,2.99,4,237),(2,4.99,1,238),(1,2.99,4,238),(2,2.99,4,239),(1,2.99,5,239),(1,4.99,1,240),
(1,2.99,5,240),(3,2.99,4,241),(1,2.99,5,241),(1,4.99,1,241),(1,4.99,1,242),(2,2.99,4,242),(2,4.99,1,243),(3,2.99,4,243),(1,2.99,4,244),(2,4.99,1,244),
(1,2.99,5,244),(1,4.99,1,245),(1,2.99,5,245),(1,4.99,1,246),(1,4.99,1,247),(2,2.99,4,247),(1,8.99,2,247),(1,8.99,2,248),(2,2.99,5,248),(1,2.99,4,249),
(2,4.99,1,250),(1,2.99,4,250),(1,8.99,2,251),(1,8.99,2,252),(1,2.99,4,252),(2,4.99,1,253),(1,8.99,2,253),(1,2.99,5,253),(2,4.99,1,254),(1,2.99,5,254),
(1,2.99,4,255),(1,2.99,5,255),(1,4.99,1,255),(1,2.99,5,256),(1,4.99,1,256),(1,4.99,1,257),(1,4.99,1,258),(1,2.99,4,258),(1,8.99,2,259),(1,4.99,1,259),
(1,2.99,5,260),(1,4.99,1,260),(1,2.99,4,260),(1,2.99,5,261),(3,2.99,4,261),(1,4.99,1,261),(2,4.99,1,262),(1,2.99,5,263),(1,8.99,2,263),(1,4.99,1,264),
(2,2.99,4,264),(2,2.99,4,265),(1,4.99,1,266),(3,2.99,5,267),(1,4.99,1,267),(1,2.99,4,267),(3,4.99,1,268),(1,4.99,1,269),(2,2.99,4,269),(1,2.99,5,269),
(1,2.99,5,270),(1,8.99,2,270),(1,2.99,4,270),(1,4.99,1,271),(1,4.99,1,272),(2,2.99,4,272),(2,2.99,4,273),(1,2.99,4,274),(3,4.99,1,274),(2,2.99,5,274),
(2,2.99,4,275),(1,4.99,1,275),(1,4.99,1,276),(2,2.99,5,276),(2,4.99,1,277),(2,2.99,5,277),(1,2.99,4,277),(1,8.99,2,278),(1,2.99,5,279),(1,8.99,2,280),
(1,2.99,5,281),(1,2.99,4,281),(1,4.99,1,282),(2,2.99,5,283),(1,8.99,2,283),(1,4.99,1,283),(2,2.99,4,284),(1,4.99,1,284),(1,2.99,4,285),(2,4.99,1,285),
(1,4.99,1,286),(1,2.99,4,286),(1,8.99,2,286),(2,4.99,1,287),(1,2.99,5,287),(1,4.99,1,288),(1,4.99,1,289),(1,2.99,4,289),(1,4.99,1,290),(1,4.99,1,291),
(1,2.99,4,291),(1,2.99,4,292),(1,4.99,1,292),(1,2.99,4,293),(1,4.99,1,293),(1,4.99,1,294),(1,2.99,5,294),(3,4.99,1,295),(1,2.99,5,295),(1,4.99,1,296),
(1,2.99,5,296),(1,2.99,4,296),(1,2.99,4,297),(2,4.99,1,297),(2,2.99,4,298),(1,4.99,1,299),(3,2.99,5,300),(1,2.99,4,301),(1,2.99,5,301),(1,4.99,1,301),
(1,4.99,1,302),(1,2.99,4,303),(1,4.99,1,304),(1,2.99,4,304),(1,4.99,1,305),(2,2.99,4,306),(1,4.99,1,307),(1,2.99,4,308),(1,4.99,1,308),(1,2.99,4,309),
(2,2.99,5,309),(1,4.99,1,310),(2,4.99,1,311),(1,2.99,5,311),(1,4.99,1,312),(1,2.99,5,313),(1,2.99,4,313),(3,4.99,1,313),(1,2.99,5,314),(1,4.99,1,315),
(1,2.99,5,315),(2,2.99,4,315),(1,4.99,1,316),(1,8.99,2,316),(1,2.99,4,316),(1,8.99,2,317),(1,4.99,1,317),(1,4.99,1,318),(3,4.99,1,319),(1,4.99,1,320),
(2,2.99,5,320),(1,4.99,1,321),(1,2.99,4,321),(1,8.99,2,322),(1,8.99,2,323),(1,4.99,1,323),(1,2.99,4,323),(1,8.99,2,324),(2,2.99,4,324),(2,2.99,5,325),
(1,2.99,4,325),(1,4.99,1,326),(1,2.99,4,327),(2,4.99,1,327),(1,4.99,1,328),(2,2.99,4,328),(2,2.99,5,329),(1,4.99,1,329),(1,4.99,1,330),(1,2.99,5,330),
(3,2.99,5,331),(1,8.99,2,331),(1,4.99,1,332),(1,8.99,2,333),(1,2.99,4,334),(3,4.99,1,334),(1,2.99,5,335),(1,2.99,4,336),(1,2.99,5,336),(1,4.99,1,337),
(1,2.99,5,337),(1,8.99,2,337),(1,8.99,2,338),(3,2.99,5,338),(2,4.99,1,338),(1,2.99,4,339),(1,2.99,5,339),(1,4.99,1,339),(1,2.99,5,340),(1,4.99,1,340),
(1,4.99,1,341),(1,2.99,4,341),(1,2.99,5,341),(1,2.99,4,342),(1,8.99,2,342),(2,2.99,5,343),(1,2.99,4,343),(1,4.99,1,344),(1,2.99,5,344),(1,4.99,1,345),
(1,2.99,4,345),(1,2.99,4,346),(1,4.99,1,346),(1,4.99,1,347),(1,2.99,5,348),(1,4.99,1,348),(1,8.99,2,349),(2,4.99,1,349),(2,4.99,1,350),(1,8.99,2,350),
(1,4.99,1,351),(1,2.99,5,351),(1,4.99,1,352),(1,2.99,4,352),(1,2.99,5,352),(2,4.99,1,353),(1,2.99,4,353),(2,4.99,1,354),(1,4.99,1,355),(1,2.99,4,356),
(1,4.99,1,356),(1,2.99,5,357),(2,2.99,5,358),(1,4.99,1,358),(2,4.99,1,359),(3,2.99,5,359),(1,8.99,2,359),(3,4.99,1,360),(2,2.99,5,360),(1,2.99,4,360),
(1,4.99,1,361),(3,2.99,5,361),(2,2.99,4,361),(1,4.99,1,362),(1,2.99,4,362),(1,4.99,1,363),(2,8.99,2,363),(2,2.99,4,363),(2,2.99,4,364),(2,4.99,1,364),
(2,4.99,1,365),(1,2.99,5,366),(2,4.99,1,367),(1,4.99,1,368),(3,4.99,1,369),(1,2.99,5,369),(1,4.99,1,370),(1,8.99,2,370),(1,2.99,5,370),(1,4.99,1,371),
(2,2.99,4,371),(2,8.99,2,372),(2,4.99,1,373),(1,2.99,4,373),(1,2.99,5,374),(2,4.99,1,375),(1,2.99,4,375),(1,2.99,5,376),(2,4.99,1,377),(2,2.99,4,377),
(1,2.99,4,378),(1,8.99,2,378),(2,2.99,5,379),(1,2.99,4,379),(1,2.99,4,380),(1,4.99,1,380),(1,8.99,2,381),(1,2.99,4,382),(1,4.99,1,382),(1,4.99,1,383),
(3,2.99,5,383),(1,8.99,2,384),(1,8.99,2,385),(1,4.99,1,386),(1,2.99,4,386),(1,4.99,1,387),(2,2.99,4,388),(1,4.99,1,388),(2,2.99,5,389),(1,2.99,4,390),
(2,4.99,1,391),(1,2.99,5,391),(2,4.99,1,392),(2,2.99,4,392),(2,2.99,4,393),(1,4.99,1,393),(1,4.99,1,394),(1,4.99,1,395),(1,2.99,5,396),(2,4.99,1,397),
(2,2.99,4,397),(2,4.99,1,398),(1,2.99,5,398),(2,2.99,4,399),(1,8.99,2,399),(1,2.99,5,399),(1,4.99,1,400),(1,2.99,4,401),(1,8.99,2,401),(1,4.99,1,401),
(1,4.99,1,402),(1,8.99,2,402),(2,2.99,4,403),(1,8.99,2,403),(1,2.99,5,404),(1,4.99,1,405),(2,2.99,4,405),(1,2.99,5,405),(1,4.99,1,406),(2,2.99,4,406),
(2,2.99,5,406),(1,2.99,4,407),(3,4.99,1,408),(1,2.99,4,409),(1,4.99,1,409),(1,2.99,5,409),(1,4.99,1,410),(2,2.99,5,410),(1,4.99,1,411),(1,4.99,1,412),
(2,4.99,1,413),(2,8.99,2,413),(1,2.99,5,413),(2,2.99,4,414),(2,4.99,1,414),(1,2.99,5,414),(1,4.99,1,415),(1,8.99,2,415),(1,4.99,1,416),(2,4.99,1,417),
(1,2.99,5,417),(2,2.99,4,417),(1,4.99,1,418),(1,2.99,5,418),(1,4.99,1,419),(1,2.99,5,419),(2,4.99,1,420),(1,2.99,5,420),(1,2.99,4,420),(1,4.99,1,421),
(1,2.99,4,421),(1,2.99,4,422),(1,4.99,1,422),(1,4.99,1,423),(2,2.99,4,424),(2,2.99,5,425),(1,4.99,1,425),(1,4.99,1,426),(2,4.99,1,427),(2,2.99,4,427),
(2,8.99,2,427),(3,4.99,1,428),(2,2.99,4,428),(1,2.99,5,428),(1,4.99,1,429),(2,4.99,1,430),(1,8.99,2,430),(1,2.99,5,431),(1,4.99,1,431),(2,4.99,1,432),
(1,2.99,4,432),(1,4.99,1,433),(1,2.99,5,433),(2,2.99,4,434),(1,2.99,4,435),(3,4.99,1,435),(2,4.99,1,436),(2,2.99,4,436),(1,4.99,1,437),(2,2.99,5,437),
(1,2.99,4,437),(2,2.99,4,438),(1,8.99,2,438),(1,4.99,1,438),(1,2.99,4,439),(1,4.99,1,439),(1,4.99,1,440),(1,2.99,5,440),(2,2.99,4,441),(3,2.99,5,441),
(1,8.99,2,442),(1,4.99,1,442),(1,2.99,5,442),(3,4.99,1,443),(1,2.99,4,444),(1,4.99,1,444),(2,4.99,1,445),(1,4.99,1,446),(2,2.99,5,446),(1,2.99,4,446),
(2,4.99,1,447),(1,4.99,1,448),(3,2.99,4,448),(1,8.99,2,449),(2,2.99,5,449),(1,2.99,4,450),(2,2.99,5,450),(1,8.99,2,450),(2,4.99,1,451),(1,2.99,5,451),
(1,2.99,4,451),(1,4.99,1,452),(1,2.99,4,452),(1,4.99,1,453),(2,4.99,1,454),(2,2.99,4,454),(1,2.99,5,455),(2,4.99,1,456),(1,2.99,4,456),(2,4.99,1,457),
(2,2.99,5,457),(2,4.99,1,458),(1,8.99,2,458),(1,8.99,2,459),(2,2.99,5,459),(1,4.99,1,460),(1,8.99,2,460),(2,4.99,1,461),(1,8.99,2,461),(2,2.99,4,462),
(2,4.99,1,462),(1,8.99,2,463),(1,2.99,5,463),(1,2.99,4,464),(1,4.99,1,465),(1,2.99,5,465),(1,8.99,2,465),(1,2.99,5,466),(1,4.99,1,466),(1,2.99,5,467),
(2,4.99,1,468),(2,4.99,1,469),(1,4.99,1,470),(2,2.99,4,470),(2,4.99,1,471),(1,2.99,4,471),(1,2.99,4,472),(2,2.99,5,472),(1,4.99,1,473),(2,2.99,4,474),
(1,4.99,1,474),(1,4.99,1,475),(1,2.99,4,475),(1,2.99,4,476),(1,2.99,4,477),(1,2.99,5,478),(1,4.99,1,479),(2,4.99,1,480),(1,2.99,4,480),(1,8.99,2,480),
(3,4.99,1,481),(3,2.99,5,482),(1,4.99,1,482),(1,4.99,1,483),(1,2.99,5,483),(1,8.99,2,484),(1,2.99,5,484),(2,4.99,1,485),(1,2.99,4,485),(1,8.99,2,485),
(2,2.99,4,486),(1,4.99,1,486),(1,8.99,2,487),(1,2.99,4,488),(1,8.99,2,488),(1,4.99,1,489),(1,2.99,5,490),(1,2.99,4,490),(1,2.99,5,491),(1,2.99,5,492),
(3,2.99,5,493),(1,4.99,1,493),(1,2.99,4,493),(1,4.99,1,494),(2,2.99,4,495),(1,4.99,1,496),(1,8.99,2,496),(1,2.99,4,497),(1,4.99,1,498),(1,2.99,5,498),
(1,8.99,2,498),(2,4.99,1,499),(1,4.99,1,500),(1,8.99,2,500),(2,2.99,4,501),(1,2.99,5,501),(1,4.99,1,502),(1,2.99,5,503),(1,4.99,1,503),(2,2.99,4,503),
(3,2.99,5,504),(1,4.99,1,505),(1,8.99,2,505),(2,2.99,4,505),(1,4.99,1,506),(1,8.99,2,507),(2,4.99,1,507),(3,2.99,4,508),(2,8.99,2,509),(1,4.99,1,510),
(1,2.99,4,511),(2,4.99,1,512),(1,2.99,5,512),(2,2.99,5,513),(2,4.99,1,514),(1,2.99,4,515),(2,4.99,1,515),(2,8.99,2,515),(1,4.99,1,516),(2,4.99,1,517),
(2,4.99,1,518),(1,2.99,4,518),(1,4.99,1,519),(1,4.99,1,520),(1,2.99,5,520),(1,4.99,1,521),(1,4.99,1,522),(1,2.99,5,523),(1,2.99,4,524),(1,8.99,2,524),
(1,2.99,4,525),(1,4.99,1,525),(2,4.99,1,526),(2,8.99,2,526),(1,4.99,1,527),(1,2.99,4,527),(1,4.99,1,528),(2,2.99,5,528),(1,4.99,1,529),(1,4.99,1,530),
(1,2.99,5,530),(2,2.99,4,530),(1,4.99,1,531),(1,4.99,1,532),(1,2.99,4,532),(3,4.99,1,533),(2,2.99,5,533),(2,2.99,4,533),(1,4.99,1,534),(1,2.99,5,534),
(1,2.99,4,534),(1,2.99,5,535),(2,2.99,4,535),(1,4.99,1,536),(1,2.99,4,536),(1,2.99,4,537),(1,2.99,5,537),(1,4.99,1,537),(1,8.99,2,538),(2,4.99,1,538);
INSERT INTO LineItems (Quantity, UnitPrice, ProductID, PurchaseID) VALUES 
(3,2.99,5,538),(1,2.99,5,539),(1,4.99,1,540),(2,2.99,4,540),(2,4.99,1,541),(2,2.99,5,542),(3,4.99,1,543),(1,4.99,1,544),(2,8.99,2,545),(1,2.99,5,545),
(2,2.99,4,546),(1,4.99,1,547),(2,4.99,1,548),(1,2.99,5,548),(1,4.99,1,549),(1,2.99,4,549),(1,2.99,5,549),(2,2.99,4,550),(1,4.99,1,551),(2,2.99,4,551),
(1,2.99,5,552),(2,4.99,1,552),(1,8.99,2,552),(1,4.99,1,553),(2,8.99,2,553),(2,2.99,5,553),(1,2.99,4,554),(1,4.99,1,554),(2,2.99,5,555),(1,8.99,2,556),
(2,4.99,1,556),(2,2.99,5,557),(1,4.99,1,557),(1,4.99,1,558),(1,8.99,2,559),(1,2.99,5,559),(1,4.99,1,560),(1,2.99,4,560),(2,8.99,2,561),(1,2.99,4,561),
(1,4.99,1,562),(1,2.99,5,562),(2,2.99,4,562),(2,4.99,1,563),(1,8.99,2,563),(2,2.99,5,563),(2,4.99,1,564),(1,2.99,5,564),(2,4.99,1,565),(2,2.99,4,566),
(2,2.99,4,567),(1,2.99,5,567),(2,4.99,1,567),(2,4.99,1,568),(1,2.99,5,568),(1,8.99,2,568),(1,4.99,1,569),(2,2.99,5,570),(1,4.99,1,570),(1,8.99,2,571),
(1,4.99,1,571),(1,8.99,2,572),(1,4.99,1,572),(1,2.99,4,572),(1,2.99,5,573),(3,4.99,1,573),(1,4.99,1,574),(1,2.99,4,574),(1,2.99,5,574),(1,4.99,1,575),
(1,2.99,4,575),(1,4.99,1,576),(2,2.99,4,577),(3,2.99,5,577),(1,2.99,5,578),(1,4.99,1,578),(1,2.99,4,579),(2,4.99,1,579),(2,2.99,5,580),(1,4.99,1,580),
(1,2.99,4,581),(2,2.99,5,581),(1,4.99,1,582),(1,8.99,2,582),(1,4.99,1,583),(2,2.99,4,583),(2,2.99,5,584),(1,4.99,1,584),(1,4.99,1,585),(2,2.99,5,585),
(1,2.99,4,586),(1,4.99,1,587),(1,2.99,5,587),(2,4.99,1,588),(1,8.99,2,588),(1,2.99,5,588),(2,4.99,1,589),(1,2.99,5,590),(1,8.99,2,590),(1,2.99,4,590),
(2,4.99,1,591),(2,2.99,5,591),(1,2.99,4,591),(1,2.99,4,592),(1,8.99,2,592),(1,2.99,4,593),(3,2.99,4,594),(2,4.99,1,594),(2,2.99,4,595),(3,4.99,1,595),
(2,2.99,5,595),(3,2.99,4,596),(1,8.99,2,596),(1,2.99,5,597),(2,4.99,1,597),(1,2.99,4,597),(3,2.99,4,598),(3,4.99,1,599),(1,2.99,5,599),(2,2.99,4,600),
(1,4.99,1,600),(2,2.99,5,600),(2,4.99,1,601),(1,4.99,1,602),(1,2.99,5,602),(1,4.99,1,603),(3,5.99,3,604),(1,4.99,1,604),(1,5.99,3,605),(1,2.99,5,605),
(1,2.99,5,606),(1,4.99,1,606),(1,4.99,1,607),(1,5.99,3,607),(2,2.99,5,607),(1,5.99,3,608),(1,2.99,4,609),(3,4.99,1,610),(1,2.99,5,610),(1,5.99,3,610),
(1,2.99,4,611),(2,5.99,3,612),(2,2.99,4,612),(2,2.99,5,613),(1,5.99,3,614),(1,4.99,1,614),(1,5.99,3,615),(1,4.99,1,615),(1,5.99,3,616),(1,4.99,1,616),
(1,2.99,4,617),(1,2.99,5,618),(2,5.99,3,618),(1,4.99,1,618),(1,5.99,3,619),(2,2.99,5,619),(1,5.99,3,620),(1,4.99,1,620),(2,5.99,3,621),(3,4.99,1,621),
(1,2.99,4,621),(2,2.99,5,622),(1,4.99,1,622),(3,2.99,5,623),(2,4.99,1,624),(1,5.99,3,624),(1,2.99,4,625),(1,5.99,3,626),(1,2.99,5,626),(1,2.99,4,627),
(1,5.99,3,628),(1,4.99,1,629),(2,5.99,3,630),(2,4.99,1,630),(1,2.99,5,630),(2,4.99,1,631),(1,4.99,1,632),(1,5.99,3,633),(1,4.99,1,633),(2,4.99,1,634),
(2,5.99,3,634),(1,2.99,4,635),(1,4.99,1,636),(3,2.99,4,637),(2,2.99,5,637),(1,4.99,1,637),(1,4.99,1,638),(1,5.99,3,638),(1,5.99,3,639),(1,5.99,3,640),
(1,2.99,5,640),(1,5.99,3,641),(2,4.99,1,642),(1,5.99,3,642),(1,2.99,4,642),(1,5.99,3,643),(1,4.99,1,643),(1,4.99,1,644),(1,5.99,3,644),(1,2.99,5,645),
(3,2.99,4,645),(2,5.99,3,646),(3,2.99,5,647),(2,4.99,1,647),(3,4.99,1,648),(1,5.99,3,648),(3,2.99,5,648),(2,4.99,1,649),(1,4.99,1,650),(3,2.99,5,650),
(1,5.99,3,650),(1,4.99,1,651),(1,5.99,3,651),(2,5.99,3,652),(1,4.99,1,652),(1,5.99,3,653),(2,2.99,5,653),(2,5.99,3,654),(1,4.99,1,654),(1,4.99,1,655),
(1,5.99,3,656),(1,4.99,1,656),(1,4.99,1,657),(1,4.99,1,658),(2,2.99,4,659),(1,4.99,1,660),(1,5.99,3,661),(1,5.99,3,662),(2,4.99,1,663),(1,5.99,3,663),
(2,5.99,3,664),(1,4.99,1,664),(1,2.99,4,665),(1,4.99,1,665),(1,5.99,3,666),(1,2.99,4,666),(1,4.99,1,667),(1,5.99,3,667),(2,2.99,4,667),(1,5.99,3,668),
(1,5.99,3,669),(2,2.99,4,669),(3,4.99,1,670),(2,2.99,5,670),(3,4.99,1,671),(1,2.99,4,671),(1,5.99,3,671),(1,5.99,3,672),(1,4.99,1,672),(3,2.99,5,673),
(1,4.99,1,673),(2,2.99,4,673),(1,5.99,3,674),(2,5.99,3,675),(2,4.99,1,675),(1,4.99,1,676),(1,2.99,4,676),(1,2.99,4,677),(1,5.99,3,677),(1,4.99,1,677),
(1,4.99,1,678),(1,4.99,1,679),(3,4.99,1,680),(1,2.99,5,680),(3,5.99,3,681),(2,4.99,1,681),(2,4.99,1,682),(1,4.99,1,683),(1,2.99,5,683),(1,5.99,3,683),
(1,5.99,3,684),(2,4.99,1,684),(1,5.99,3,685),(1,4.99,1,685),(1,2.99,5,686),(1,2.99,4,687),(2,4.99,1,688),(1,5.99,3,689),(1,4.99,1,689),(2,2.99,5,689),
(1,4.99,1,690),(3,2.99,5,690),(1,2.99,5,691),(1,4.99,1,691),(1,4.99,1,692),(2,5.99,3,692),(1,5.99,3,693),(2,4.99,1,693),(1,5.99,3,694),(2,5.99,3,695),
(2,2.99,5,695),(1,4.99,1,696),(2,4.99,1,697),(2,5.99,3,697),(1,5.99,3,698),(1,4.99,1,698),(2,4.99,1,699),(1,5.99,3,699),(1,4.99,1,700),(3,5.99,3,700),
(1,4.99,1,701),(1,2.99,4,702),(1,5.99,3,702),(1,4.99,1,703),(2,5.99,3,704),(1,4.99,1,704),(1,2.99,5,704),(1,5.99,3,705),(2,4.99,1,705),(1,2.99,4,706),
(1,4.99,1,707),(2,5.99,3,708),(1,4.99,1,708),(2,5.99,3,709),(1,4.99,1,710),(1,5.99,3,710),(1,2.99,4,710),(1,2.99,4,711),(1,2.99,5,711),(1,4.99,1,712),
(2,2.99,4,712),(1,2.99,5,712),(2,2.99,5,713),(2,5.99,3,713),(3,2.99,4,714),(2,5.99,3,715),(2,4.99,1,715),(1,5.99,3,716),(3,4.99,1,716),(1,2.99,4,716),
(1,4.99,1,717),(1,5.99,3,717),(1,4.99,1,718),(1,5.99,3,718),(1,2.99,5,718),(2,4.99,1,719),(3,5.99,3,719),(1,4.99,1,720),(1,2.99,4,721),(3,5.99,3,721),
(2,4.99,1,722),(1,5.99,3,723),(2,4.99,1,723),(2,4.99,1,724),(2,2.99,4,724),(1,4.99,1,725),(1,5.99,3,725),(1,4.99,1,726),(2,4.99,1,727),(1,5.99,3,728),
(1,5.99,3,729),(1,4.99,1,729),(2,2.99,4,729),(2,4.99,1,730),(1,5.99,3,730),(2,4.99,1,731),(1,5.99,3,732),(1,4.99,1,732),(3,4.99,1,733),(2,2.99,5,733),
(1,5.99,3,734),(1,5.99,3,735),(1,4.99,1,735),(1,5.99,3,736),(1,4.99,1,736),(1,4.99,1,737),(2,5.99,3,737),(1,5.99,3,738),(1,4.99,1,738),(2,4.99,1,739),
(2,4.99,1,740),(1,5.99,3,740),(2,5.99,3,741),(2,4.99,1,741),(1,4.99,1,742),(1,4.99,1,743),(2,5.99,3,743),(1,2.99,4,743),(1,5.99,3,744),(1,4.99,1,745),
(1,4.99,1,746),(1,5.99,3,746),(1,5.99,3,747),(2,5.99,3,748),(1,2.99,5,748),(1,5.99,3,749),(1,2.99,4,750),(1,2.99,5,751),(2,5.99,3,751),(1,4.99,1,752),
(2,5.99,3,752),(1,5.99,3,753),(3,4.99,1,754),(1,5.99,3,754),(1,5.99,3,755),(1,4.99,1,756),(1,5.99,3,756),(1,4.99,1,757),(2,2.99,5,757),(1,2.99,4,757),
(1,4.99,1,758),(1,2.99,5,759),(1,4.99,1,759),(2,2.99,4,760),(2,4.99,1,761),(1,5.99,3,761),(2,5.99,3,762),(1,5.99,3,763),(1,5.99,3,764),(2,2.99,5,765),
(1,5.99,3,766),(1,4.99,1,766),(1,4.99,1,767),(3,2.99,5,767),(3,4.99,1,768),(1,2.99,4,768),(1,4.99,1,769),(3,2.99,5,770),(2,5.99,3,771),(2,5.99,3,772),
(1,5.99,3,773),(1,4.99,1,773),(3,2.99,5,774),(1,4.99,1,774),(1,4.99,1,775),(1,5.99,3,775),(2,4.99,1,776),(1,5.99,3,776),(1,4.99,1,777),(1,2.99,4,777),
(2,5.99,3,777),(2,5.99,3,778),(1,4.99,1,778),(1,5.99,3,779),(1,4.99,1,780),(1,5.99,3,780),(2,4.99,1,781),(1,2.99,4,781),(1,2.99,5,781),(1,4.99,1,782),
(1,5.99,3,782),(1,5.99,3,783),(1,5.99,3,784),(1,5.99,3,785),(1,4.99,1,786),(1,4.99,1,787),(1,2.99,4,788),(1,4.99,1,788),(1,2.99,5,789),(1,4.99,1,790),
(1,5.99,3,791),(1,4.99,1,791),(1,5.99,3,792),(1,4.99,1,792),(1,5.99,3,793),(1,4.99,1,793),(1,4.99,1,794),(2,4.99,1,795),(1,4.99,1,796),(1,5.99,3,797),
(1,4.99,1,797),(1,5.99,3,798),(1,4.99,1,798),(1,4.99,1,799),(1,2.99,4,799),(3,4.99,1,800),(1,5.99,3,800),(1,2.99,4,800),(1,2.99,4,801),(1,4.99,1,801),
(1,4.99,1,802),(3,4.99,1,803),(2,5.99,3,804),(2,4.99,1,805),(1,5.99,3,805),(1,4.99,1,806),(1,5.99,3,806),(2,4.99,1,807),(1,5.99,3,808),(1,4.99,1,809),
(1,5.99,3,809),(2,4.99,1,810),(1,5.99,3,810),(2,5.99,3,811),(3,2.99,4,811),(1,4.99,1,812),(1,5.99,3,813),(3,4.99,1,813),(1,4.99,1,814),(2,4.99,1,815),
(1,2.99,4,815),(2,2.99,5,816),(1,2.99,5,817),(1,2.99,4,817),(2,4.99,1,818),(1,4.99,1,819),(1,4.99,1,820),(3,5.99,3,821),(3,4.99,1,821),(1,4.99,1,822),
(2,4.99,1,823),(1,5.99,3,824),(1,4.99,1,824),(2,2.99,4,824),(1,5.99,3,825),(1,2.99,4,825),(1,2.99,4,826),(2,2.99,5,826),(1,2.99,4,827),(1,2.99,5,827),
(1,5.99,3,827),(1,4.99,1,828),(1,5.99,3,828),(1,5.99,3,829),(2,4.99,1,829),(1,4.99,1,830),(1,2.99,5,830),(1,2.99,4,830),(1,2.99,4,831),(1,4.99,1,832),
(1,5.99,3,832),(2,5.99,3,833),(1,2.99,4,834),(2,4.99,1,835),(1,5.99,3,835),(1,2.99,5,836),(1,4.99,1,836),(3,4.99,1,837),(2,5.99,3,837),(1,2.99,4,837),
(1,5.99,3,838),(1,4.99,1,839),(2,2.99,5,839),(3,4.99,1,840),(1,5.99,3,841),(1,4.99,1,841),(1,2.99,4,842),(3,4.99,1,842),(2,5.99,3,843),(1,2.99,4,843),
(1,2.99,4,844),(1,4.99,1,845),(2,2.99,5,846),(1,5.99,3,846),(1,4.99,1,846),(1,4.99,1,847),(1,2.99,4,847),(3,5.99,3,848),(1,2.99,4,848),(2,2.99,5,848),
(1,4.99,1,849),(2,2.99,4,849),(1,2.99,4,850),(1,4.99,1,850),(2,5.99,3,850),(2,5.99,3,851),(1,2.99,4,852),(3,5.99,3,852),(1,4.99,1,853),(2,4.99,1,854),
(1,5.99,3,854),(2,2.99,5,855),(1,5.99,3,855),(3,4.99,1,855),(1,4.99,1,856),(3,4.99,1,857),(1,5.99,3,857),(1,4.99,1,858),(1,5.99,3,859),(1,4.99,1,859),
(2,2.99,4,860),(1,5.99,3,861),(3,4.99,1,861),(1,2.99,4,861),(1,5.99,3,862),(2,4.99,1,862),(1,4.99,1,863),(1,5.99,3,863),(1,2.99,5,864),(2,5.99,3,864),
(2,2.99,4,864),(2,5.99,3,865),(3,2.99,4,865),(1,4.99,1,866),(2,4.99,1,867),(1,5.99,3,867),(1,2.99,5,867),(1,4.99,1,868),(3,2.99,4,868),(1,2.99,5,869),
(1,5.99,3,869),(2,2.99,5,870),(1,2.99,4,870),(2,4.99,1,870),(1,4.99,1,871),(2,2.99,4,871),(1,4.99,1,872),(3,4.99,1,873),(1,5.99,3,874),(1,4.99,1,874),
(1,4.99,1,875),(2,5.99,3,875),(1,4.99,1,876),(1,5.99,3,877),(3,5.99,3,878),(1,4.99,1,878),(1,4.99,1,879),(1,2.99,4,879),(2,4.99,1,880),(1,2.99,4,880),
(2,4.99,1,881),(1,2.99,5,882),(1,5.99,3,883),(3,2.99,5,884),(3,5.99,3,884),(1,4.99,1,885),(1,2.99,5,885),(1,5.99,3,885),(1,4.99,1,886),(1,5.99,3,886),
(1,4.99,1,887),(1,5.99,3,888),(2,2.99,4,888),(2,4.99,1,889),(1,5.99,3,889),(2,4.99,1,890),(1,4.99,1,891),(1,4.99,1,892),(1,5.99,3,892),(1,2.99,5,892),
(1,5.99,3,893),(1,4.99,1,893),(1,5.99,3,894),(1,4.99,1,895),(3,2.99,5,895),(1,5.99,3,895),(2,4.99,1,896),(1,2.99,4,896),(2,5.99,3,897),(1,2.99,4,897),
(1,2.99,4,898),(2,4.99,1,898),(1,5.99,3,899),(1,5.99,3,900),(2,2.99,5,900),(1,4.99,1,900),(1,4.99,1,901),(1,5.99,3,901),(2,2.99,5,902),(1,5.99,3,902),
(1,4.99,1,902),(1,4.99,1,903),(1,5.99,3,903),(2,2.99,5,903),(1,4.99,1,904),(3,5.99,3,904),(1,2.99,5,904),(1,4.99,1,905),(2,5.99,3,905),(1,4.99,1,906),
(2,5.99,3,907),(1,5.99,3,908),(1,4.99,1,908),(1,2.99,5,908),(2,4.99,1,909),(1,5.99,3,909),(1,2.99,4,909),(3,2.99,4,910),(1,4.99,1,910),(1,4.99,1,911),
(1,4.99,1,912),(1,4.99,1,913),(1,4.99,1,914),(1,5.99,3,915),(1,2.99,5,915),(1,2.99,4,916),(2,5.99,3,917),(1,2.99,4,917),(1,5.99,3,918),(1,2.99,4,919),
(1,5.99,3,919),(1,4.99,1,920),(1,2.99,4,920),(1,5.99,3,920),(1,4.99,1,921),(3,5.99,3,922),(1,5.99,3,923),(1,2.99,4,924),(2,5.99,3,924),(1,4.99,1,924),
(2,4.99,1,925),(1,5.99,3,925),(1,2.99,5,926),(1,4.99,1,926),(2,2.99,4,926),(1,5.99,3,927),(1,5.99,3,928),(1,2.99,5,929),(2,5.99,3,929),(2,4.99,1,929),
(2,4.99,1,930),(1,4.99,1,931),(1,4.99,1,932),(1,5.99,3,932),(1,5.99,3,933),(1,4.99,1,934),(2,5.99,3,934),(1,4.99,1,935),(1,2.99,5,936),(1,2.99,4,936),
(1,4.99,1,937),(2,5.99,3,938),(2,4.99,1,938),(1,2.99,5,938),(1,4.99,1,939),(1,5.99,3,940),(1,4.99,1,940),(1,2.99,4,940),(1,4.99,1,941),(2,2.99,4,941),
(2,2.99,4,942),(2,2.99,5,942),(3,5.99,3,943),(1,2.99,4,944),(1,5.99,3,944),(2,5.99,3,945),(1,5.99,3,946),(1,2.99,4,946),(1,4.99,1,946),(2,5.99,3,947),
(1,4.99,1,947),(2,4.99,1,948),(1,2.99,4,948),(2,5.99,3,948),(1,5.99,3,949),(2,2.99,5,949),(1,4.99,1,950),(2,2.99,4,951),(2,5.99,3,951),(2,4.99,1,951),
(2,4.99,1,952),(1,2.99,4,952),(1,5.99,3,953),(1,2.99,5,953),(1,5.99,3,954),(1,4.99,1,954),(1,5.99,3,955),(1,4.99,1,956),(1,2.99,4,956),(2,5.99,3,956),
(2,4.99,1,957),(1,2.99,5,958),(1,2.99,4,958),(1,4.99,1,959),(1,5.99,3,959),(3,2.99,5,959),(1,4.99,1,960),(1,5.99,3,960),(2,4.99,1,961),(1,5.99,3,961),
(2,2.99,5,961),(1,4.99,1,962),(1,5.99,3,962),(3,5.99,3,963),(1,2.99,4,964),(2,4.99,1,964),(2,5.99,3,964),(1,2.99,5,965),(2,5.99,3,965),(1,2.99,5,966),
(2,5.99,3,967),(1,5.99,3,968),(1,4.99,1,968),(2,5.99,3,969),(1,2.99,4,969),(3,4.99,1,970),(1,5.99,3,970),(2,2.99,4,970),(1,5.99,3,971),(1,2.99,5,972),
(2,2.99,4,972),(1,2.99,4,973),(2,4.99,1,973),(2,2.99,4,974),(3,4.99,1,974),(1,5.99,3,974),(1,2.99,4,975),(3,5.99,3,975),(1,4.99,1,976),(2,2.99,4,976),
(3,2.99,5,977),(2,4.99,1,977),(1,5.99,3,977),(1,4.99,1,978),(1,5.99,3,978),(1,5.99,3,979),(2,4.99,1,979),(1,2.99,4,979),(1,5.99,3,980),(2,4.99,1,980),
(1,4.99,1,981),(1,5.99,3,981),(1,4.99,1,982),(2,2.99,4,983),(2,4.99,1,983),(2,4.99,1,984),(1,5.99,3,984),(1,4.99,1,985),(3,5.99,3,986),(1,4.99,1,986),
(1,2.99,4,987),(1,5.99,3,988),(1,2.99,5,988),(2,5.99,3,989),(1,2.99,5,989),(1,4.99,1,990),(2,4.99,1,991),(3,2.99,4,991),(2,4.99,1,992),(1,4.99,1,993),
(2,2.99,4,993),(2,5.99,3,993),(1,4.99,1,994),(2,5.99,3,994),(2,2.99,4,994),(2,5.99,3,995),(1,4.99,1,995),(2,2.99,5,996),(2,4.99,1,997),(3,5.99,3,997),
(1,4.99,1,998),(2,5.99,3,998),(1,4.99,1,999),(3,2.99,5,999),(1,4.99,1,1000);
GO